xmin	xmax	clickSelects	PANEL	group
-2.66332762061181	5.05110279348959	4	1	1
5.05110279348959	5.73123096058236	3	1	1
5.73123096058236	6.89290979178989	2	1	1
6.89290979178989	7.43546929801861	1	1	1
7.43546929801861	13.4595888082568	0	1	1
-2.66332762061181	5.05110279348959	4	2	1
5.05110279348959	5.73123096058236	3	2	1
5.73123096058236	6.89290979178989	2	2	1
6.89290979178989	7.43546929801861	1	2	1
7.43546929801861	13.4595888082568	0	2	1
