xmin	xmax	clickSelects	PANEL	group
-2.66332762061181	4.0458411227792	4	1	1
4.0458411227792	4.41005088479906	3	1	1
4.41005088479906	6.04611775705977	2	1	1
6.04611775705977	7.2528401353474	1	1	1
7.2528401353474	13.4595888082568	0	1	1
-2.66332762061181	4.0458411227792	4	2	1
4.0458411227792	4.41005088479906	3	2	1
4.41005088479906	6.04611775705977	2	2	1
6.04611775705977	7.2528401353474	1	2	1
7.2528401353474	13.4595888082568	0	2	1
