xmin	xmax	clickSelects	PANEL	group
-2.66332762061181	3.51672611218669	4	1	1
3.51672611218669	6.85081583308676	3	1	1
6.85081583308676	9.14294022439696	2	1	1
9.14294022439696	9.91109741426074	1	1	1
9.91109741426074	13.4595888082568	0	1	1
-2.66332762061181	3.51672611218669	4	2	1
3.51672611218669	6.85081583308676	3	2	1
6.85081583308676	9.14294022439696	2	2	1
9.14294022439696	9.91109741426074	1	2	1
9.91109741426074	13.4595888082568	0	2	1
