xmin	xmax	clickSelects	PANEL	group
-2.66332762061181	6.44471616557131	4	1	1
6.44471616557131	6.99696050142387	3	1	1
6.99696050142387	9.43625461497516	2	1	1
9.43625461497516	10.5001348137211	1	1	1
10.5001348137211	13.4595888082568	0	1	1
-2.66332762061181	6.44471616557131	4	2	1
6.44471616557131	6.99696050142387	3	2	1
6.99696050142387	9.43625461497516	2	2	1
9.43625461497516	10.5001348137211	1	2	1
10.5001348137211	13.4595888082568	0	2	1
