xmin	xmax	clickSelects	PANEL	group
-2.66332762061181	4.07072862980293	4	1	1
4.07072862980293	4.99857947016044	2	1	1
4.99857947016044	6.34473062062689	1	1	1
6.34473062062689	13.4595888082568	0	1	1
-2.66332762061181	4.07072862980293	4	2	1
4.07072862980293	4.99857947016044	2	2	1
4.99857947016044	6.34473062062689	1	2	1
6.34473062062689	13.4595888082568	0	2	1
