xmin	xmax	clickSelects	PANEL	group
-2.66332762061181	1.94302332280954	4	1	1
1.94302332280954	3.54354254908201	3	1	1
3.54354254908201	4.4143082532438	2	1	1
4.4143082532438	4.64983587629017	1	1	1
4.64983587629017	13.4595888082568	0	1	1
-2.66332762061181	1.94302332280954	4	2	1
1.94302332280954	3.54354254908201	3	2	1
3.54354254908201	4.4143082532438	2	2	1
4.4143082532438	4.64983587629017	1	2	1
4.64983587629017	13.4595888082568	0	2	1
