xmin	xmax	clickSelects	PANEL	group
-2.66332762061181	2.61867455365049	4	1	1
2.61867455365049	6.28212079277955	3	1	1
6.28212079277955	8.77483110753524	2	1	1
8.77483110753524	9.35235221367681	1	1	1
9.35235221367681	13.4595888082568	0	1	1
-2.66332762061181	2.61867455365049	4	2	1
2.61867455365049	6.28212079277955	3	2	1
6.28212079277955	8.77483110753524	2	2	1
8.77483110753524	9.35235221367681	1	2	1
9.35235221367681	13.4595888082568	0	2	1
