xmin	xmax	clickSelects	PANEL	group
-2.66332762061181	1.55560777368463	4	1	1
1.55560777368463	1.7655284240562	3	1	1
1.7655284240562	4.82176042413398	2	1	1
4.82176042413398	6.96453288599451	1	1	1
6.96453288599451	13.4595888082568	0	1	1
-2.66332762061181	1.55560777368463	4	2	1
1.55560777368463	1.7655284240562	3	2	1
1.7655284240562	4.82176042413398	2	2	1
4.82176042413398	6.96453288599451	1	2	1
6.96453288599451	13.4595888082568	0	2	1
