xmin	xmax	clickSelects	PANEL	group
-2.66332762061181	5.0819072708528	4	1	1
5.0819072708528	5.16449295508831	3	1	1
5.16449295508831	5.99873007095458	2	1	1
5.99873007095458	6.50211463516824	1	1	1
6.50211463516824	13.4595888082568	0	1	1
-2.66332762061181	5.0819072708528	4	2	1
5.0819072708528	5.16449295508831	3	2	1
5.16449295508831	5.99873007095458	2	2	1
5.99873007095458	6.50211463516824	1	2	1
6.50211463516824	13.4595888082568	0	2	1
