xmin	xmax	clickSelects	PANEL	group
-2.66332762061181	5.60521588238608	4	1	1
5.60521588238608	5.76938320038189	3	1	1
5.76938320038189	6.96803321322437	2	1	1
6.96803321322437	7.45406344189712	1	1	1
7.45406344189712	13.4595888082568	0	1	1
-2.66332762061181	5.60521588238608	4	2	1
5.60521588238608	5.76938320038189	3	2	1
5.76938320038189	6.96803321322437	2	2	1
6.96803321322437	7.45406344189712	1	2	1
7.45406344189712	13.4595888082568	0	2	1
