xmin	xmax	clickSelects	PANEL	group
-2.66332762061181	4.37684971156285	4	1	1
4.37684971156285	5.27391743823652	3	1	1
5.27391743823652	6.29285661552756	2	1	1
6.29285661552756	8.64747526835985	1	1	1
8.64747526835985	13.4595888082568	0	1	1
-2.66332762061181	4.37684971156285	4	2	1
4.37684971156285	5.27391743823652	3	2	1
5.27391743823652	6.29285661552756	2	2	1
6.29285661552756	8.64747526835985	1	2	1
8.64747526835985	13.4595888082568	0	2	1
