xmin	xmax	clickSelects	PANEL	group
-2.66332762061181	6.26255909653888	4	1	1
6.26255909653888	6.89472205114378	3	1	1
6.89472205114378	11.8642483258531	2	1	1
11.8642483258531	12.4972575514215	1	1	1
12.4972575514215	13.4595888082568	0	1	1
-2.66332762061181	6.26255909653888	4	2	1
6.26255909653888	6.89472205114378	3	2	1
6.89472205114378	11.8642483258531	2	2	1
11.8642483258531	12.4972575514215	1	2	1
12.4972575514215	13.4595888082568	0	2	1
