xmin	xmax	clickSelects	PANEL	group
-2.66332762061181	6.3406498557183	4	1	1
6.3406498557183	6.8144765990654	3	1	1
6.8144765990654	7.17407926017762	2	1	1
7.17407926017762	7.97270258731195	1	1	1
7.97270258731195	13.4595888082568	0	1	1
-2.66332762061181	6.3406498557183	4	2	1
6.3406498557183	6.8144765990654	3	2	1
6.8144765990654	7.17407926017762	2	2	1
7.17407926017762	7.97270258731195	1	2	1
7.97270258731195	13.4595888082568	0	2	1
