xmin	xmax	clickSelects	PANEL	group
-2.66332762061181	5.95988965729718	4	1	1
5.95988965729718	8.23816679795767	3	1	1
8.23816679795767	10.8762005165199	2	1	1
10.8762005165199	11.6198234254763	1	1	1
11.6198234254763	13.4595888082568	0	1	1
-2.66332762061181	5.95988965729718	4	2	1
5.95988965729718	8.23816679795767	3	2	1
8.23816679795767	10.8762005165199	2	2	1
10.8762005165199	11.6198234254763	1	2	1
11.6198234254763	13.4595888082568	0	2	1
