xmin	xmax	clickSelects	PANEL	group
-2.66332762061181	5.94849562446749	4	1	1
5.94849562446749	5.95851488161634	3	1	1
5.95851488161634	6.96030946291089	1	1	1
6.96030946291089	13.4595888082568	0	1	1
-2.66332762061181	5.94849562446749	4	2	1
5.94849562446749	5.95851488161634	3	2	1
5.95851488161634	6.96030946291089	1	2	1
6.96030946291089	13.4595888082568	0	2	1
