xmin	xmax	clickSelects	PANEL	group
-2.66332762061181	4.59162873375794	4	1	1
4.59162873375794	4.95131424409821	3	1	1
4.95131424409821	6.32386259896145	2	1	1
6.32386259896145	7.0822322008559	1	1	1
7.0822322008559	13.4595888082568	0	1	1
-2.66332762061181	4.59162873375794	4	2	1
4.59162873375794	4.95131424409821	3	2	1
4.95131424409821	6.32386259896145	2	2	1
6.32386259896145	7.0822322008559	1	2	1
7.0822322008559	13.4595888082568	0	2	1
