xmin	xmax	clickSelects	PANEL	group
-2.66332762061181	4.01793242044418	4	1	1
4.01793242044418	5.74048929990647	3	1	1
5.74048929990647	5.8166882400517	2	1	1
5.8166882400517	7.62874397775781	1	1	1
7.62874397775781	13.4595888082568	0	1	1
-2.66332762061181	4.01793242044418	4	2	1
4.01793242044418	5.74048929990647	3	2	1
5.74048929990647	5.8166882400517	2	2	1
5.8166882400517	7.62874397775781	1	2	1
7.62874397775781	13.4595888082568	0	2	1
