y	yend	x	xend	clickSelects	showSelected1	PANEL
1	1.05	118163.83465	118163.83465	chr11:118153536-118169777	1	1
1	1.05	118163.83465	118163.83465	chr11:118153536-118169777	2	1
1	1.05	118163.83465	118163.83465	chr11:118153536-118169777	3	1
1	1.05	118163.83465	118163.83465	chr11:118153536-118169777	4	1
