xmin	xmax	clickSelects	PANEL	group
-2.66332762061181	5.28132508572905	4	1	1
5.28132508572905	6.14496678463635	3	1	1
6.14496678463635	6.55921450893202	2	1	1
6.55921450893202	6.73576487573691	1	1	1
6.73576487573691	13.4595888082568	0	1	1
-2.66332762061181	5.28132508572905	4	2	1
5.28132508572905	6.14496678463635	3	2	1
6.14496678463635	6.55921450893202	2	2	1
6.55921450893202	6.73576487573691	1	2	1
6.73576487573691	13.4595888082568	0	2	1
