xmin	xmax	clickSelects	PANEL	group
-2.66332762061181	3.40618514279444	4	1	1
3.40618514279444	3.94751085639256	3	1	1
3.94751085639256	4.19673204443002	2	1	1
4.19673204443002	5.23761989191548	1	1	1
5.23761989191548	13.4595888082568	0	1	1
-2.66332762061181	3.40618514279444	4	2	1
3.40618514279444	3.94751085639256	3	2	1
3.94751085639256	4.19673204443002	2	2	1
4.19673204443002	5.23761989191548	1	2	1
5.23761989191548	13.4595888082568	0	2	1
