xmin	xmax	clickSelects	PANEL	group
-2.66332762061181	10.4364511114211	4	1	1
10.4364511114211	10.9956039278999	3	1	1
10.9956039278999	11.2477805501861	2	1	1
11.2477805501861	11.6378439763569	1	1	1
11.6378439763569	13.4595888082568	0	1	1
-2.66332762061181	10.4364511114211	4	2	1
10.4364511114211	10.9956039278999	3	2	1
10.9956039278999	11.2477805501861	2	2	1
11.2477805501861	11.6378439763569	1	2	1
11.6378439763569	13.4595888082568	0	2	1
