xmin	xmax	clickSelects	PANEL	group
-2.66332762061181	4.57968535911076	4	1	1
4.57968535911076	5.70813956962877	3	1	1
5.70813956962877	5.86115143707025	2	1	1
5.86115143707025	6.11320499053913	1	1	1
6.11320499053913	13.4595888082568	0	1	1
-2.66332762061181	4.57968535911076	4	2	1
4.57968535911076	5.70813956962877	3	2	1
5.70813956962877	5.86115143707025	2	2	1
5.86115143707025	6.11320499053913	1	2	1
6.11320499053913	13.4595888082568	0	2	1
