xmin	xmax	clickSelects	PANEL	group
-2.66332762061181	4.11409773288021	4	1	1
4.11409773288021	5.49255598646262	3	1	1
5.49255598646262	6.09985056570154	2	1	1
6.09985056570154	6.75482819255618	1	1	1
6.75482819255618	13.4595888082568	0	1	1
-2.66332762061181	4.11409773288021	4	2	1
4.11409773288021	5.49255598646262	3	2	1
5.49255598646262	6.09985056570154	2	2	1
6.09985056570154	6.75482819255618	1	2	1
6.75482819255618	13.4595888082568	0	2	1
