xmin	xmax	clickSelects	PANEL	group
-2.66332762061181	2.78199367171232	4	1	1
2.78199367171232	6.02406336041338	3	1	1
6.02406336041338	7.42198473279742	2	1	1
7.42198473279742	7.74837951958648	1	1	1
7.74837951958648	13.4595888082568	0	1	1
-2.66332762061181	2.78199367171232	4	2	1
2.78199367171232	6.02406336041338	3	2	1
6.02406336041338	7.42198473279742	2	2	1
7.42198473279742	7.74837951958648	1	2	1
7.74837951958648	13.4595888082568	0	2	1
