xmin	xmax	clickSelects	PANEL	group
-2.66332762061181	2.66132953566622	4	1	1
2.66132953566622	4.8256485657891	3	1	1
4.8256485657891	5.9501339920748	2	1	1
5.9501339920748	6.35264647682988	1	1	1
6.35264647682988	13.4595888082568	0	1	1
-2.66332762061181	2.66132953566622	4	2	1
2.66132953566622	4.8256485657891	3	2	1
4.8256485657891	5.9501339920748	2	2	1
5.9501339920748	6.35264647682988	1	2	1
6.35264647682988	13.4595888082568	0	2	1
