xmin	xmax	clickSelects	PANEL	group
-2.66332762061181	4.64359996156571	4	1	1
4.64359996156571	6.50318810957969	3	1	1
6.50318810957969	8.89792205060994	2	1	1
8.89792205060994	9.73049114434678	1	1	1
9.73049114434678	13.4595888082568	0	1	1
-2.66332762061181	4.64359996156571	4	2	1
4.64359996156571	6.50318810957969	3	2	1
6.50318810957969	8.89792205060994	2	2	1
8.89792205060994	9.73049114434678	1	2	1
9.73049114434678	13.4595888082568	0	2	1
