xmin	xmax	clickSelects	PANEL	group
-2.66332762061181	4.07536028418152	4	1	1
4.07536028418152	5.09198840782314	3	1	1
5.09198840782314	5.94953847189686	2	1	1
5.94953847189686	8.28349563882822	1	1	1
8.28349563882822	13.4595888082568	0	1	1
-2.66332762061181	4.07536028418152	4	2	1
4.07536028418152	5.09198840782314	3	2	1
5.09198840782314	5.94953847189686	2	2	1
5.94953847189686	8.28349563882822	1	2	1
8.28349563882822	13.4595888082568	0	2	1
