xmin	xmax	clickSelects	PANEL	group
-2.66332762061181	4.59773768014251	2	1	1
4.59773768014251	5.66811663440889	1	1	1
5.66811663440889	13.4595888082568	0	1	1
-2.66332762061181	4.59773768014251	2	2	1
4.59773768014251	5.66811663440889	1	2	1
5.66811663440889	13.4595888082568	0	2	1
