xmin	xmax	clickSelects	PANEL	group
-2.66332762061181	4.23283667123452	4	1	1
4.23283667123452	5.19341133226537	3	1	1
5.19341133226537	6.05944286425387	2	1	1
6.05944286425387	6.85307875744664	1	1	1
6.85307875744664	13.4595888082568	0	1	1
-2.66332762061181	4.23283667123452	4	2	1
4.23283667123452	5.19341133226537	3	2	1
5.19341133226537	6.05944286425387	2	2	1
6.05944286425387	6.85307875744664	1	2	1
6.85307875744664	13.4595888082568	0	2	1
