xmin	xmax	clickSelects	PANEL	group
-2.66332762061181	5.43019823706259	4	1	1
5.43019823706259	7.49324293134056	1	1	1
7.49324293134056	13.4595888082568	0	1	1
-2.66332762061181	5.43019823706259	4	2	1
5.43019823706259	7.49324293134056	1	2	1
7.49324293134056	13.4595888082568	0	2	1
