xmin	xmax	clickSelects	PANEL	group
-2.66332762061181	2.62798287663353	3	1	1
2.62798287663353	2.92399225781835	2	1	1
2.92399225781835	3.60781009997759	1	1	1
3.60781009997759	13.4595888082568	0	1	1
-2.66332762061181	2.62798287663353	3	2	1
2.62798287663353	2.92399225781835	2	2	1
2.92399225781835	3.60781009997759	1	2	1
3.60781009997759	13.4595888082568	0	2	1
