xmin	xmax	clickSelects	PANEL	group
-2.66332762061181	4.90991674224851	4	1	1
4.90991674224851	6.76903279694217	3	1	1
6.76903279694217	7.43561555279097	2	1	1
7.43561555279097	13.4595888082568	0	1	1
-2.66332762061181	4.90991674224851	4	2	1
4.90991674224851	6.76903279694217	3	2	1
6.76903279694217	7.43561555279097	2	2	1
7.43561555279097	13.4595888082568	0	2	1
