xmin	xmax	clickSelects	PANEL	group
-2.66332762061181	2.50419617701075	4	1	1
2.50419617701075	3.35380783925359	3	1	1
3.35380783925359	5.12027539419336	2	1	1
5.12027539419336	13.4595888082568	0	1	1
-2.66332762061181	2.50419617701075	4	2	1
2.50419617701075	3.35380783925359	3	2	1
3.35380783925359	5.12027539419336	2	2	1
5.12027539419336	13.4595888082568	0	2	1
