xmin	xmax	clickSelects	PANEL	group
-2.66332762061181	6.44921828100379	4	1	1
6.44921828100379	7.3078176713622	3	1	1
7.3078176713622	9.58256602745329	2	1	1
9.58256602745329	10.7058971719639	1	1	1
10.7058971719639	13.4595888082568	0	1	1
-2.66332762061181	6.44921828100379	4	2	1
6.44921828100379	7.3078176713622	3	2	1
7.3078176713622	9.58256602745329	2	2	1
9.58256602745329	10.7058971719639	1	2	1
10.7058971719639	13.4595888082568	0	2	1
