xmin	xmax	clickSelects	PANEL	group
-2.66332762061181	6.16068226992842	4	1	1
6.16068226992842	6.62043419826155	3	1	1
6.62043419826155	11.9644752580364	2	1	1
11.9644752580364	12.6802444787919	1	1	1
12.6802444787919	13.4595888082568	0	1	1
-2.66332762061181	6.16068226992842	4	2	1
6.16068226992842	6.62043419826155	3	2	1
6.62043419826155	11.9644752580364	2	2	1
11.9644752580364	12.6802444787919	1	2	1
12.6802444787919	13.4595888082568	0	2	1
