xmin	xmax	clickSelects	PANEL	group
-2.66332762061181	5.30125381596378	4	1	1
5.30125381596378	5.4324018449712	3	1	1
5.4324018449712	5.80354104120227	2	1	1
5.80354104120227	6.65288778812988	1	1	1
6.65288778812988	13.4595888082568	0	1	1
-2.66332762061181	5.30125381596378	4	2	1
5.30125381596378	5.4324018449712	3	2	1
5.4324018449712	5.80354104120227	2	2	1
5.80354104120227	6.65288778812988	1	2	1
6.65288778812988	13.4595888082568	0	2	1
