xmin	xmax	clickSelects	PANEL	group
-2.66332762061181	3.8173738067539	4	1	1
3.8173738067539	4.1793788050563	3	1	1
4.1793788050563	4.28805497753761	2	1	1
4.28805497753761	5.74228347707668	1	1	1
5.74228347707668	13.4595888082568	0	1	1
-2.66332762061181	3.8173738067539	4	2	1
3.8173738067539	4.1793788050563	3	2	1
4.1793788050563	4.28805497753761	2	2	1
4.28805497753761	5.74228347707668	1	2	1
5.74228347707668	13.4595888082568	0	2	1
