xmin	xmax	clickSelects	PANEL	group
-2.66332762061181	4.4016072642919	4	1	1
4.4016072642919	5.64225152978515	3	1	1
5.64225152978515	6.41487864594337	2	1	1
6.41487864594337	8.45634308098546	1	1	1
8.45634308098546	13.4595888082568	0	1	1
-2.66332762061181	4.4016072642919	4	2	1
4.4016072642919	5.64225152978515	3	2	1
5.64225152978515	6.41487864594337	2	2	1
6.41487864594337	8.45634308098546	1	2	1
8.45634308098546	13.4595888082568	0	2	1
