xmin	xmax	clickSelects	PANEL	group
-2.66332762061181	5.14511322920166	4	1	1
5.14511322920166	7.47079575677242	3	1	1
7.47079575677242	7.64944507732373	2	1	1
7.64944507732373	13.4595888082568	0	1	1
-2.66332762061181	5.14511322920166	4	2	1
5.14511322920166	7.47079575677242	3	2	1
7.47079575677242	7.64944507732373	2	2	1
7.64944507732373	13.4595888082568	0	2	1
