xmin	xmax	clickSelects	PANEL	group
-2.66332762061181	5.96015510445282	4	1	1
5.96015510445282	6.32239970408373	3	1	1
6.32239970408373	7.66759951915224	2	1	1
7.66759951915224	8.28477713956566	1	1	1
8.28477713956566	13.4595888082568	0	1	1
-2.66332762061181	5.96015510445282	4	2	1
5.96015510445282	6.32239970408373	3	2	1
6.32239970408373	7.66759951915224	2	2	1
7.66759951915224	8.28477713956566	1	2	1
8.28477713956566	13.4595888082568	0	2	1
