xmin	xmax	clickSelects	PANEL	group
-2.66332762061181	4.18921523904215	4	1	1
4.18921523904215	4.38034407816809	3	1	1
4.38034407816809	4.47522923687159	2	1	1
4.47522923687159	5.8569519908686	1	1	1
5.8569519908686	13.4595888082568	0	1	1
-2.66332762061181	4.18921523904215	4	2	1
4.18921523904215	4.38034407816809	3	2	1
4.38034407816809	4.47522923687159	2	2	1
4.47522923687159	5.8569519908686	1	2	1
5.8569519908686	13.4595888082568	0	2	1
