xmin	xmax	clickSelects	PANEL	group
-2.66332762061181	3.64423248887094	4	1	1
3.64423248887094	6.18503045752714	3	1	1
6.18503045752714	9.04248914998189	2	1	1
9.04248914998189	9.66420521261023	1	1	1
9.66420521261023	13.4595888082568	0	1	1
-2.66332762061181	3.64423248887094	4	2	1
3.64423248887094	6.18503045752714	3	2	1
6.18503045752714	9.04248914998189	2	2	1
9.04248914998189	9.66420521261023	1	2	1
9.66420521261023	13.4595888082568	0	2	1
