xmin	xmax	clickSelects	PANEL	group
-2.66332762061181	4.38624426331786	4	1	1
4.38624426331786	5.47203682889937	3	1	1
5.47203682889937	5.89544012136383	2	1	1
5.89544012136383	6.35779824120413	1	1	1
6.35779824120413	13.4595888082568	0	1	1
-2.66332762061181	4.38624426331786	4	2	1
4.38624426331786	5.47203682889937	3	2	1
5.47203682889937	5.89544012136383	2	2	1
5.89544012136383	6.35779824120413	1	2	1
6.35779824120413	13.4595888082568	0	2	1
