xmin	xmax	clickSelects	PANEL	group
-2.66332762061181	4.52251446732618	4	1	1
4.52251446732618	5.72230769667246	3	1	1
5.72230769667246	6.35908753409542	2	1	1
6.35908753409542	7.56178315220638	1	1	1
7.56178315220638	13.4595888082568	0	1	1
-2.66332762061181	4.52251446732618	4	2	1
4.52251446732618	5.72230769667246	3	2	1
5.72230769667246	6.35908753409542	2	2	1
6.35908753409542	7.56178315220638	1	2	1
7.56178315220638	13.4595888082568	0	2	1
