xmin	xmax	clickSelects	PANEL	group
-2.66332762061181	9.75671015541532	4	1	1
9.75671015541532	10.2435618560815	3	1	1
10.2435618560815	10.5129128851884	2	1	1
10.5129128851884	10.8482004097715	1	1	1
10.8482004097715	13.4595888082568	0	1	1
-2.66332762061181	9.75671015541532	4	2	1
9.75671015541532	10.2435618560815	3	2	1
10.2435618560815	10.5129128851884	2	2	1
10.5129128851884	10.8482004097715	1	2	1
10.8482004097715	13.4595888082568	0	2	1
