xmin	xmax	clickSelects	PANEL	group
-2.66332762061181	5.20999701757307	3	1	1
5.20999701757307	6.262399922574	2	1	1
6.262399922574	6.55163251281952	1	1	1
6.55163251281952	13.4595888082568	0	1	1
-2.66332762061181	5.20999701757307	3	2	1
5.20999701757307	6.262399922574	2	2	1
6.262399922574	6.55163251281952	1	2	1
6.55163251281952	13.4595888082568	0	2	1
