xmin	xmax	clickSelects	PANEL	group
-2.66332762061181	6.08333434163563	4	1	1
6.08333434163563	8.24362191481504	3	1	1
8.24362191481504	10.8406041656896	2	1	1
10.8406041656896	11.6216453525296	1	1	1
11.6216453525296	13.4595888082568	0	1	1
-2.66332762061181	6.08333434163563	4	2	1
6.08333434163563	8.24362191481504	3	2	1
8.24362191481504	10.8406041656896	2	2	1
10.8406041656896	11.6216453525296	1	2	1
11.6216453525296	13.4595888082568	0	2	1
