xmin	xmax	clickSelects	PANEL	group
-2.66332762061181	3.96238459231119	4	1	1
3.96238459231119	4.60654429964582	3	1	1
4.60654429964582	4.7117126796412	2	1	1
4.7117126796412	7.88544794708998	1	1	1
7.88544794708998	13.4595888082568	0	1	1
-2.66332762061181	3.96238459231119	4	2	1
3.96238459231119	4.60654429964582	3	2	1
4.60654429964582	4.7117126796412	2	2	1
4.7117126796412	7.88544794708998	1	2	1
7.88544794708998	13.4595888082568	0	2	1
