xmin	xmax	clickSelects	PANEL	group
-2.66332762061181	4.49082218454305	4	1	1
4.49082218454305	5.74006603109301	3	1	1
5.74006603109301	8.32406160262902	2	1	1
8.32406160262902	9.23083847465723	1	1	1
9.23083847465723	13.4595888082568	0	1	1
-2.66332762061181	4.49082218454305	4	2	1
4.49082218454305	5.74006603109301	3	2	1
5.74006603109301	8.32406160262902	2	2	1
8.32406160262902	9.23083847465723	1	2	1
9.23083847465723	13.4595888082568	0	2	1
