y	yend	x	xend	clickSelects	showSelected1	PANEL
1	1.05	118163.83465	118163.83465	chr11:118142322-118166080	1	1
1	1.05	118163.83465	118163.83465	chr11:118142322-118166080	2	1
1	1.05	118163.83465	118163.83465	chr11:118142322-118166080	3	1
1	1.05	118163.83465	118163.83465	chr11:118142322-118166080	4	1
