xmin	xmax	clickSelects	PANEL	group
-2.66332762061181	4.60236137072077	4	1	1
4.60236137072077	6.57817007468703	3	1	1
6.57817007468703	7.24567048795611	2	1	1
7.24567048795611	7.97776154655713	1	1	1
7.97776154655713	13.4595888082568	0	1	1
-2.66332762061181	4.60236137072077	4	2	1
4.60236137072077	6.57817007468703	3	2	1
6.57817007468703	7.24567048795611	2	2	1
7.24567048795611	7.97776154655713	1	2	1
7.97776154655713	13.4595888082568	0	2	1
