xmin	xmax	clickSelects	PANEL	group
-2.66332762061181	2.75054195769448	4	1	1
2.75054195769448	4.49102238156004	3	1	1
4.49102238156004	5.18340478509226	2	1	1
5.18340478509226	5.86628597441885	1	1	1
5.86628597441885	13.4595888082568	0	1	1
-2.66332762061181	2.75054195769448	4	2	1
2.75054195769448	4.49102238156004	3	2	1
4.49102238156004	5.18340478509226	2	2	1
5.18340478509226	5.86628597441885	1	2	1
5.86628597441885	13.4595888082568	0	2	1
