xmin	xmax	clickSelects	PANEL	group
-2.66332762061181	13.4595888082568	0	1	1
-2.66332762061181	13.4595888082568	0	2	1
