xmin	xmax	clickSelects	PANEL	group
-2.66332762061181	4.23254101577138	4	1	1
4.23254101577138	5.36238358272285	3	1	1
5.36238358272285	6.01153011530051	2	1	1
6.01153011530051	6.97201542555177	1	1	1
6.97201542555177	13.4595888082568	0	1	1
-2.66332762061181	4.23254101577138	4	2	1
4.23254101577138	5.36238358272285	3	2	1
5.36238358272285	6.01153011530051	2	2	1
6.01153011530051	6.97201542555177	1	2	1
6.97201542555177	13.4595888082568	0	2	1
