xmin	xmax	clickSelects	PANEL	group
-2.66332762061181	4.43182330380362	4	1	1
4.43182330380362	7.34923513154334	3	1	1
7.34923513154334	11.7143040608718	2	1	1
11.7143040608718	12.3518773531039	1	1	1
12.3518773531039	13.4595888082568	0	1	1
-2.66332762061181	4.43182330380362	4	2	1
4.43182330380362	7.34923513154334	3	2	1
7.34923513154334	11.7143040608718	2	2	1
11.7143040608718	12.3518773531039	1	2	1
12.3518773531039	13.4595888082568	0	2	1
