xmin	xmax	clickSelects	PANEL	group
-2.66332762061181	4.88064010936389	4	1	1
4.88064010936389	5.26754119788909	3	1	1
5.26754119788909	5.48390824657451	2	1	1
5.48390824657451	7.88801129801864	1	1	1
7.88801129801864	13.4595888082568	0	1	1
-2.66332762061181	4.88064010936389	4	2	1
4.88064010936389	5.26754119788909	3	2	1
5.26754119788909	5.48390824657451	2	2	1
5.48390824657451	7.88801129801864	1	2	1
7.88801129801864	13.4595888082568	0	2	1
