xmin	xmax	clickSelects	PANEL	group
-2.66332762061181	3.5721734217813	4	1	1
3.5721734217813	4.19362963208374	3	1	1
4.19362963208374	4.85746701989542	2	1	1
4.85746701989542	6.14949773730665	1	1	1
6.14949773730665	13.4595888082568	0	1	1
-2.66332762061181	3.5721734217813	4	2	1
3.5721734217813	4.19362963208374	3	2	1
4.19362963208374	4.85746701989542	2	2	1
4.85746701989542	6.14949773730665	1	2	1
6.14949773730665	13.4595888082568	0	2	1
