y	yend	x	xend	clickSelects	showSelected1	PANEL
1	1.05	118163.83465	118163.83465	chr11:118139220-118170309	1	1
1	1.05	118163.83465	118163.83465	chr11:118139220-118170309	2	1
1	1.05	118163.83465	118163.83465	chr11:118139220-118170309	3	1
1	1.05	118163.83465	118163.83465	chr11:118139220-118170309	4	1
