xmin	xmax	clickSelects	PANEL	group
-2.66332762061181	4.31886367589748	4	1	1
4.31886367589748	6.29198724574875	3	1	1
6.29198724574875	9.21724897434372	2	1	1
9.21724897434372	10.0017424626667	1	1	1
10.0017424626667	13.4595888082568	0	1	1
-2.66332762061181	4.31886367589748	4	2	1
4.31886367589748	6.29198724574875	3	2	1
6.29198724574875	9.21724897434372	2	2	1
9.21724897434372	10.0017424626667	1	2	1
10.0017424626667	13.4595888082568	0	2	1
