xmin	xmax	clickSelects	PANEL	group
-2.66332762061181	4.56662013656823	4	1	1
4.56662013656823	4.68867974325292	3	1	1
4.68867974325292	6.18616354442008	2	1	1
6.18616354442008	6.94291306866058	1	1	1
6.94291306866058	13.4595888082568	0	1	1
-2.66332762061181	4.56662013656823	4	2	1
4.56662013656823	4.68867974325292	3	2	1
4.68867974325292	6.18616354442008	2	2	1
6.18616354442008	6.94291306866058	1	2	1
6.94291306866058	13.4595888082568	0	2	1
