xmin	xmax	clickSelects	PANEL	group
-2.66332762061181	5.34860249751713	4	1	1
5.34860249751713	5.3894965706596	3	1	1
5.3894965706596	7.22403163684828	2	1	1
7.22403163684828	7.57385506544531	1	1	1
7.57385506544531	13.4595888082568	0	1	1
-2.66332762061181	5.34860249751713	4	2	1
5.34860249751713	5.3894965706596	3	2	1
5.3894965706596	7.22403163684828	2	2	1
7.22403163684828	7.57385506544531	1	2	1
7.57385506544531	13.4595888082568	0	2	1
