xmin	xmax	clickSelects	PANEL	group
-2.66332762061181	6.09324358465887	4	1	1
6.09324358465887	6.75355789598246	3	1	1
6.75355789598246	8.65343189009497	2	1	1
8.65343189009497	9.16905025087888	1	1	1
9.16905025087888	13.4595888082568	0	1	1
-2.66332762061181	6.09324358465887	4	2	1
6.09324358465887	6.75355789598246	3	2	1
6.75355789598246	8.65343189009497	2	2	1
8.65343189009497	9.16905025087888	1	2	1
9.16905025087888	13.4595888082568	0	2	1
