xmin	xmax	clickSelects	PANEL	group
-2.66332762061181	2.44897602857379	4	1	1
2.44897602857379	5.11867948829885	3	1	1
5.11867948829885	5.23305002355332	2	1	1
5.23305002355332	6.0903818316873	1	1	1
6.0903818316873	13.4595888082568	0	1	1
-2.66332762061181	2.44897602857379	4	2	1
2.44897602857379	5.11867948829885	3	2	1
5.11867948829885	5.23305002355332	2	2	1
5.23305002355332	6.0903818316873	1	2	1
6.0903818316873	13.4595888082568	0	2	1
