xmin	xmax	clickSelects	PANEL	group
-2.66332762061181	6.06162419872158	4	1	1
6.06162419872158	6.16457985361354	3	1	1
6.16457985361354	10.4320374100139	2	1	1
10.4320374100139	11.2121549068371	1	1	1
11.2121549068371	13.4595888082568	0	1	1
-2.66332762061181	6.06162419872158	4	2	1
6.06162419872158	6.16457985361354	3	2	1
6.16457985361354	10.4320374100139	2	2	1
10.4320374100139	11.2121549068371	1	2	1
11.2121549068371	13.4595888082568	0	2	1
