xmin	xmax	clickSelects	PANEL	group
-2.66332762061181	4.02384948052075	4	1	1
4.02384948052075	5.47896221876207	3	1	1
5.47896221876207	5.83663750963467	2	1	1
5.83663750963467	7.94328395433413	1	1	1
7.94328395433413	13.4595888082568	0	1	1
-2.66332762061181	4.02384948052075	4	2	1
4.02384948052075	5.47896221876207	3	2	1
5.47896221876207	5.83663750963467	2	2	1
5.83663750963467	7.94328395433413	1	2	1
7.94328395433413	13.4595888082568	0	2	1
