xmin	xmax	clickSelects	PANEL	group
-2.66332762061181	4.67487460771383	4	1	1
4.67487460771383	6.67307706973847	3	1	1
6.67307706973847	6.8021533765722	2	1	1
6.8021533765722	7.71078536414472	1	1	1
7.71078536414472	13.4595888082568	0	1	1
-2.66332762061181	4.67487460771383	4	2	1
4.67487460771383	6.67307706973847	3	2	1
6.67307706973847	6.8021533765722	2	2	1
6.8021533765722	7.71078536414472	1	2	1
7.71078536414472	13.4595888082568	0	2	1
