xmin	xmax	clickSelects	PANEL	group
-2.66332762061181	10.4312141431879	4	1	1
10.4312141431879	10.9954216446745	3	1	1
10.9954216446745	11.24530097644	2	1	1
11.24530097644	11.6319788725029	1	1	1
11.6319788725029	13.4595888082568	0	1	1
-2.66332762061181	10.4312141431879	4	2	1
10.4312141431879	10.9954216446745	3	2	1
10.9954216446745	11.24530097644	2	2	1
11.24530097644	11.6319788725029	1	2	1
11.6319788725029	13.4595888082568	0	2	1
