xmin	xmax	clickSelects	PANEL	group
-2.66332762061181	5.02976724038409	4	1	1
5.02976724038409	5.45484442473907	3	1	1
5.45484442473907	6.93608229728983	2	1	1
6.93608229728983	8.30028763554541	1	1	1
8.30028763554541	13.4595888082568	0	1	1
-2.66332762061181	5.02976724038409	4	2	1
5.02976724038409	5.45484442473907	3	2	1
5.45484442473907	6.93608229728983	2	2	1
6.93608229728983	8.30028763554541	1	2	1
8.30028763554541	13.4595888082568	0	2	1
