xmin	xmax	clickSelects	PANEL	group
-2.66332762061181	4.45904468317058	4	1	1
4.45904468317058	5.81203444743102	3	1	1
5.81203444743102	6.86016804517255	1	1	1
6.86016804517255	13.4595888082568	0	1	1
-2.66332762061181	4.45904468317058	4	2	1
4.45904468317058	5.81203444743102	3	2	1
5.81203444743102	6.86016804517255	1	2	1
6.86016804517255	13.4595888082568	0	2	1
