xmin	xmax	clickSelects	PANEL	group
-2.66332762061181	7.16707293125209	4	1	1
7.16707293125209	7.91126279828512	3	1	1
7.91126279828512	8.12081287453671	2	1	1
8.12081287453671	8.58266867860948	1	1	1
8.58266867860948	13.4595888082568	0	1	1
-2.66332762061181	7.16707293125209	4	2	1
7.16707293125209	7.91126279828512	3	2	1
7.91126279828512	8.12081287453671	2	2	1
8.12081287453671	8.58266867860948	1	2	1
8.58266867860948	13.4595888082568	0	2	1
