xmin	xmax	clickSelects	PANEL	group
-2.66332762061181	4.56475508214205	4	1	1
4.56475508214205	6.47560219291005	3	1	1
6.47560219291005	7.22140902350739	2	1	1
7.22140902350739	7.63725152807867	1	1	1
7.63725152807867	13.4595888082568	0	1	1
-2.66332762061181	4.56475508214205	4	2	1
4.56475508214205	6.47560219291005	3	2	1
6.47560219291005	7.22140902350739	2	2	1
7.22140902350739	7.63725152807867	1	2	1
7.63725152807867	13.4595888082568	0	2	1
