xmin	xmax	clickSelects	PANEL	group
-2.66332762061181	5.12739072449081	4	1	1
5.12739072449081	5.99610912803851	3	1	1
5.99610912803851	6.2045587982935	2	1	1
6.2045587982935	6.8384807956157	1	1	1
6.8384807956157	13.4595888082568	0	1	1
-2.66332762061181	5.12739072449081	4	2	1
5.12739072449081	5.99610912803851	3	2	1
5.99610912803851	6.2045587982935	2	2	1
6.2045587982935	6.8384807956157	1	2	1
6.8384807956157	13.4595888082568	0	2	1
