xmin	xmax	clickSelects	PANEL	group
-2.66332762061181	3.31579498470008	4	1	1
3.31579498470008	5.29470368669152	3	1	1
5.29470368669152	6.22435377152441	2	1	1
6.22435377152441	7.60084562045775	1	1	1
7.60084562045775	13.4595888082568	0	1	1
-2.66332762061181	3.31579498470008	4	2	1
3.31579498470008	5.29470368669152	3	2	1
5.29470368669152	6.22435377152441	2	2	1
6.22435377152441	7.60084562045775	1	2	1
7.60084562045775	13.4595888082568	0	2	1
