xmin	xmax	clickSelects	PANEL	group
-2.66332762061181	4.7328428947447	4	1	1
4.7328428947447	5.24368131633384	3	1	1
5.24368131633384	7.27887255857493	2	1	1
7.27887255857493	7.68947139656201	1	1	1
7.68947139656201	13.4595888082568	0	1	1
-2.66332762061181	4.7328428947447	4	2	1
4.7328428947447	5.24368131633384	3	2	1
5.24368131633384	7.27887255857493	2	2	1
7.27887255857493	7.68947139656201	1	2	1
7.68947139656201	13.4595888082568	0	2	1
