xmin	xmax	clickSelects	PANEL	group
-2.66332762061181	10.408924727771	4	1	1
10.408924727771	10.9053194533629	3	1	1
10.9053194533629	11.1389193002431	2	1	1
11.1389193002431	11.5477525795297	1	1	1
11.5477525795297	13.4595888082568	0	1	1
-2.66332762061181	10.408924727771	4	2	1
10.408924727771	10.9053194533629	3	2	1
10.9053194533629	11.1389193002431	2	2	1
11.1389193002431	11.5477525795297	1	2	1
11.5477525795297	13.4595888082568	0	2	1
