xmin	xmax	clickSelects	PANEL	group
-2.66332762061181	4.03032671224598	4	1	1
4.03032671224598	4.63355584007532	2	1	1
4.63355584007532	6.5974036651166	1	1	1
6.5974036651166	13.4595888082568	0	1	1
-2.66332762061181	4.03032671224598	4	2	1
4.03032671224598	4.63355584007532	2	2	1
4.63355584007532	6.5974036651166	1	2	1
6.5974036651166	13.4595888082568	0	2	1
