xmin	xmax	clickSelects	PANEL	group
-2.66332762061181	-1.93046778293596	4	1	1
-1.93046778293596	3.01314759134202	3	1	1
3.01314759134202	5.04667804564451	2	1	1
5.04667804564451	6.67735284484874	1	1	1
6.67735284484874	13.4595888082568	0	1	1
-2.66332762061181	-1.93046778293596	4	2	1
-1.93046778293596	3.01314759134202	3	2	1
3.01314759134202	5.04667804564451	2	2	1
5.04667804564451	6.67735284484874	1	2	1
6.67735284484874	13.4595888082568	0	2	1
