xmin	xmax	clickSelects	PANEL	group
-2.66332762061181	4.7934225739104	4	1	1
4.7934225739104	6.64572540938629	3	1	1
6.64572540938629	6.82041461130692	2	1	1
6.82041461130692	7.75437355699515	1	1	1
7.75437355699515	13.4595888082568	0	1	1
-2.66332762061181	4.7934225739104	4	2	1
4.7934225739104	6.64572540938629	3	2	1
6.64572540938629	6.82041461130692	2	2	1
6.82041461130692	7.75437355699515	1	2	1
7.75437355699515	13.4595888082568	0	2	1
