xmin	xmax	clickSelects	PANEL	group
-2.66332762061181	2.84539119523561	4	1	1
2.84539119523561	5.63340811615445	3	1	1
5.63340811615445	5.98900029197704	2	1	1
5.98900029197704	6.66555525194746	1	1	1
6.66555525194746	13.4595888082568	0	1	1
-2.66332762061181	2.84539119523561	4	2	1
2.84539119523561	5.63340811615445	3	2	1
5.63340811615445	5.98900029197704	2	2	1
5.98900029197704	6.66555525194746	1	2	1
6.66555525194746	13.4595888082568	0	2	1
