xmin	xmax	clickSelects	PANEL	group
-2.66332762061181	3.10634183519584	4	1	1
3.10634183519584	5.87337556248371	3	1	1
5.87337556248371	6.41728408564257	2	1	1
6.41728408564257	7.39511339790654	1	1	1
7.39511339790654	13.4595888082568	0	1	1
-2.66332762061181	3.10634183519584	4	2	1
3.10634183519584	5.87337556248371	3	2	1
5.87337556248371	6.41728408564257	2	2	1
6.41728408564257	7.39511339790654	1	2	1
7.39511339790654	13.4595888082568	0	2	1
