xmin	xmax	clickSelects	PANEL	group
-2.66332762061181	4.99758384812151	4	1	1
4.99758384812151	5.35070653856307	3	1	1
5.35070653856307	6.19822748360895	2	1	1
6.19822748360895	7.57177252271916	1	1	1
7.57177252271916	13.4595888082568	0	1	1
-2.66332762061181	4.99758384812151	4	2	1
4.99758384812151	5.35070653856307	3	2	1
5.35070653856307	6.19822748360895	2	2	1
6.19822748360895	7.57177252271916	1	2	1
7.57177252271916	13.4595888082568	0	2	1
