xmin	xmax	clickSelects	PANEL	group
-2.66332762061181	7.53635523637544	4	1	1
7.53635523637544	8.12033070371437	3	1	1
8.12033070371437	8.27204561406381	2	1	1
8.27204561406381	8.66495162898893	1	1	1
8.66495162898893	13.4595888082568	0	1	1
-2.66332762061181	7.53635523637544	4	2	1
7.53635523637544	8.12033070371437	3	2	1
8.12033070371437	8.27204561406381	2	2	1
8.27204561406381	8.66495162898893	1	2	1
8.66495162898893	13.4595888082568	0	2	1
