xmin	xmax	clickSelects	PANEL	group
-2.66332762061181	1.38958771036671	4	1	1
1.38958771036671	3.78832862579322	3	1	1
3.78832862579322	5.32919160239556	2	1	1
5.32919160239556	5.84339189161571	1	1	1
5.84339189161571	13.4595888082568	0	1	1
-2.66332762061181	1.38958771036671	4	2	1
1.38958771036671	3.78832862579322	3	2	1
3.78832862579322	5.32919160239556	2	2	1
5.32919160239556	5.84339189161571	1	2	1
5.84339189161571	13.4595888082568	0	2	1
