xmin	xmax	clickSelects	PANEL	group
-2.66332762061181	4.9902008866113	4	1	1
4.9902008866113	5.43329665624112	3	1	1
5.43329665624112	6.30697624706528	2	1	1
6.30697624706528	7.3638384093781	1	1	1
7.3638384093781	13.4595888082568	0	1	1
-2.66332762061181	4.9902008866113	4	2	1
4.9902008866113	5.43329665624112	3	2	1
5.43329665624112	6.30697624706528	2	2	1
6.30697624706528	7.3638384093781	1	2	1
7.3638384093781	13.4595888082568	0	2	1
