xmin	xmax	clickSelects	PANEL	group
-2.66332762061181	4.29972279143008	4	1	1
4.29972279143008	5.42266055219138	3	1	1
5.42266055219138	5.87769851766717	2	1	1
5.87769851766717	6.64366140545594	1	1	1
6.64366140545594	13.4595888082568	0	1	1
-2.66332762061181	4.29972279143008	4	2	1
4.29972279143008	5.42266055219138	3	2	1
5.42266055219138	5.87769851766717	2	2	1
5.87769851766717	6.64366140545594	1	2	1
6.64366140545594	13.4595888082568	0	2	1
