xmin	xmax	clickSelects	PANEL	group
-2.66332762061181	5.87090822678963	4	1	1
5.87090822678963	6.6359003677118	3	1	1
6.6359003677118	7.17224552194953	2	1	1
7.17224552194953	7.89288653551734	1	1	1
7.89288653551734	13.4595888082568	0	1	1
-2.66332762061181	5.87090822678963	4	2	1
5.87090822678963	6.6359003677118	3	2	1
6.6359003677118	7.17224552194953	2	2	1
7.17224552194953	7.89288653551734	1	2	1
7.89288653551734	13.4595888082568	0	2	1
