xmin	xmax	clickSelects	PANEL	group
-2.66332762061181	3.61425396768044	4	1	1
3.61425396768044	3.93856480810227	3	1	1
3.93856480810227	5.06434921733589	1	1	1
5.06434921733589	13.4595888082568	0	1	1
-2.66332762061181	3.61425396768044	4	2	1
3.61425396768044	3.93856480810227	3	2	1
3.93856480810227	5.06434921733589	1	2	1
5.06434921733589	13.4595888082568	0	2	1
