xmin	xmax	clickSelects	PANEL	group
-2.66332762061181	3.30209134722136	4	1	1
3.30209134722136	4.24529763505084	3	1	1
4.24529763505084	5.11525468542769	2	1	1
5.11525468542769	5.89497737584575	1	1	1
5.89497737584575	13.4595888082568	0	1	1
-2.66332762061181	3.30209134722136	4	2	1
3.30209134722136	4.24529763505084	3	2	1
4.24529763505084	5.11525468542769	2	2	1
5.11525468542769	5.89497737584575	1	2	1
5.89497737584575	13.4595888082568	0	2	1
