xmin	xmax	clickSelects	PANEL	group
-2.66332762061181	0.213464534634098	4	1	1
0.213464534634098	2.49590509714178	3	1	1
2.49590509714178	4.70975538126024	2	1	1
4.70975538126024	13.4595888082568	0	1	1
-2.66332762061181	0.213464534634098	4	2	1
0.213464534634098	2.49590509714178	3	2	1
2.49590509714178	4.70975538126024	2	2	1
4.70975538126024	13.4595888082568	0	2	1
