xmin	xmax	clickSelects	PANEL	group
-2.66332762061181	5.05364839153895	4	1	1
5.05364839153895	5.86518873649263	3	1	1
5.86518873649263	7.31490981263901	2	1	1
7.31490981263901	7.90498813641291	1	1	1
7.90498813641291	13.4595888082568	0	1	1
-2.66332762061181	5.05364839153895	4	2	1
5.05364839153895	5.86518873649263	3	2	1
5.86518873649263	7.31490981263901	2	2	1
7.31490981263901	7.90498813641291	1	2	1
7.90498813641291	13.4595888082568	0	2	1
