xmin	xmax	clickSelects	PANEL	group
-2.66332762061181	9.03974325651594	4	1	1
9.03974325651594	9.7256207487839	3	1	1
9.7256207487839	9.87390586421849	2	1	1
9.87390586421849	10.2644458649288	1	1	1
10.2644458649288	13.4595888082568	0	1	1
-2.66332762061181	9.03974325651594	4	2	1
9.03974325651594	9.7256207487839	3	2	1
9.7256207487839	9.87390586421849	2	2	1
9.87390586421849	10.2644458649288	1	2	1
10.2644458649288	13.4595888082568	0	2	1
