xmin	xmax	clickSelects	PANEL	group
-2.66332762061181	4.19519059012059	4	1	1
4.19519059012059	6.70024441988994	3	1	1
6.70024441988994	8.76098782656345	2	1	1
8.76098782656345	10.1142908790393	1	1	1
10.1142908790393	13.4595888082568	0	1	1
-2.66332762061181	4.19519059012059	4	2	1
4.19519059012059	6.70024441988994	3	2	1
6.70024441988994	8.76098782656345	2	2	1
8.76098782656345	10.1142908790393	1	2	1
10.1142908790393	13.4595888082568	0	2	1
