xmin	xmax	clickSelects	PANEL	group
-2.66332762061181	5.43472225034924	4	1	1
5.43472225034924	6.48254268797555	3	1	1
6.48254268797555	8.00692911966301	2	1	1
8.00692911966301	9.45735158308568	1	1	1
9.45735158308568	13.4595888082568	0	1	1
-2.66332762061181	5.43472225034924	4	2	1
5.43472225034924	6.48254268797555	3	2	1
6.48254268797555	8.00692911966301	2	2	1
8.00692911966301	9.45735158308568	1	2	1
9.45735158308568	13.4595888082568	0	2	1
