xmin	xmax	clickSelects	PANEL	group
-2.66332762061181	6.48113841424428	4	1	1
6.48113841424428	7.1903715742521	3	1	1
7.1903715742521	7.5183494667952	2	1	1
7.5183494667952	8.19079388752091	1	1	1
8.19079388752091	13.4595888082568	0	1	1
-2.66332762061181	6.48113841424428	4	2	1
6.48113841424428	7.1903715742521	3	2	1
7.1903715742521	7.5183494667952	2	2	1
7.5183494667952	8.19079388752091	1	2	1
8.19079388752091	13.4595888082568	0	2	1
