xmin	xmax	clickSelects	PANEL	group
-2.66332762061181	5.19140407371039	4	1	1
5.19140407371039	6.9775746546922	3	1	1
6.9775746546922	10.8218091573689	2	1	1
10.8218091573689	11.6890072410644	1	1	1
11.6890072410644	13.4595888082568	0	1	1
-2.66332762061181	5.19140407371039	4	2	1
5.19140407371039	6.9775746546922	3	2	1
6.9775746546922	10.8218091573689	2	2	1
10.8218091573689	11.6890072410644	1	2	1
11.6890072410644	13.4595888082568	0	2	1
