xmin	xmax	clickSelects	PANEL	group
-2.66332762061181	4.19908320939757	4	1	1
4.19908320939757	4.98358661999423	3	1	1
4.98358661999423	6.10987762134218	2	1	1
6.10987762134218	6.17164140900756	1	1	1
6.17164140900756	13.4595888082568	0	1	1
-2.66332762061181	4.19908320939757	4	2	1
4.19908320939757	4.98358661999423	3	2	1
4.98358661999423	6.10987762134218	2	2	1
6.10987762134218	6.17164140900756	1	2	1
6.17164140900756	13.4595888082568	0	2	1
