xmin	xmax	clickSelects	PANEL	group
-2.66332762061181	6.00077264682715	4	1	1
6.00077264682715	6.74381342452261	3	1	1
6.74381342452261	7.04172917471005	2	1	1
7.04172917471005	7.84430386247968	1	1	1
7.84430386247968	13.4595888082568	0	1	1
-2.66332762061181	6.00077264682715	4	2	1
6.00077264682715	6.74381342452261	3	2	1
6.74381342452261	7.04172917471005	2	2	1
7.04172917471005	7.84430386247968	1	2	1
7.84430386247968	13.4595888082568	0	2	1
