xmin	xmax	clickSelects	PANEL	group
-2.66332762061181	3.80583415584962	4	1	1
3.80583415584962	5.50476304016388	3	1	1
5.50476304016388	6.5819903707383	2	1	1
6.5819903707383	6.74619914660485	1	1	1
6.74619914660485	13.4595888082568	0	1	1
-2.66332762061181	3.80583415584962	4	2	1
3.80583415584962	5.50476304016388	3	2	1
5.50476304016388	6.5819903707383	2	2	1
6.5819903707383	6.74619914660485	1	2	1
6.74619914660485	13.4595888082568	0	2	1
