xmin	xmax	clickSelects	PANEL	group
-2.66332762061181	4.06507770580053	4	1	1
4.06507770580053	5.99746435175503	3	1	1
5.99746435175503	6.22759216329195	2	1	1
6.22759216329195	6.74809349809683	1	1	1
6.74809349809683	13.4595888082568	0	1	1
-2.66332762061181	4.06507770580053	4	2	1
4.06507770580053	5.99746435175503	3	2	1
5.99746435175503	6.22759216329195	2	2	1
6.22759216329195	6.74809349809683	1	2	1
6.74809349809683	13.4595888082568	0	2	1
