y	yend	x	xend	clickSelects	showSelected1	PANEL
1	1.05	118163.83465	118163.83465	chr11:118157970-118170571	1	1
1	1.05	118163.83465	118163.83465	chr11:118157970-118170571	2	1
1	1.05	118163.83465	118163.83465	chr11:118157970-118170571	3	1
1	1.05	118163.83465	118163.83465	chr11:118157970-118170571	4	1
