xmin	xmax	clickSelects	PANEL	group
-2.66332762061181	1.0269923367815	4	1	1
1.0269923367815	4.41977756714218	3	1	1
4.41977756714218	6.60381312808175	2	1	1
6.60381312808175	7.64252476575345	1	1	1
7.64252476575345	13.4595888082568	0	1	1
-2.66332762061181	1.0269923367815	4	2	1
1.0269923367815	4.41977756714218	3	2	1
4.41977756714218	6.60381312808175	2	2	1
6.60381312808175	7.64252476575345	1	2	1
7.64252476575345	13.4595888082568	0	2	1
