xmin	xmax	clickSelects	PANEL	group
-2.66332762061181	10.0842507277456	4	1	1
10.0842507277456	10.6703617237065	3	1	1
10.6703617237065	10.8522824025069	2	1	1
10.8522824025069	11.2587669769938	1	1	1
11.2587669769938	13.4595888082568	0	1	1
-2.66332762061181	10.0842507277456	4	2	1
10.0842507277456	10.6703617237065	3	2	1
10.6703617237065	10.8522824025069	2	2	1
10.8522824025069	11.2587669769938	1	2	1
11.2587669769938	13.4595888082568	0	2	1
