xmin	xmax	clickSelects	PANEL	group
-2.66332762061181	9.48861508463519	4	1	1
9.48861508463519	10.1865024330303	3	1	1
10.1865024330303	10.3019058535234	2	1	1
10.3019058535234	10.7085473623407	1	1	1
10.7085473623407	13.4595888082568	0	1	1
-2.66332762061181	9.48861508463519	4	2	1
9.48861508463519	10.1865024330303	3	2	1
10.1865024330303	10.3019058535234	2	2	1
10.3019058535234	10.7085473623407	1	2	1
10.7085473623407	13.4595888082568	0	2	1
