xmin	xmax	clickSelects	PANEL	group
-2.66332762061181	3.97147460781287	4	1	1
3.97147460781287	5.70449665111061	3	1	1
5.70449665111061	5.88642159741805	2	1	1
5.88642159741805	7.34972830250919	1	1	1
7.34972830250919	13.4595888082568	0	1	1
-2.66332762061181	3.97147460781287	4	2	1
3.97147460781287	5.70449665111061	3	2	1
5.70449665111061	5.88642159741805	2	2	1
5.88642159741805	7.34972830250919	1	2	1
7.34972830250919	13.4595888082568	0	2	1
