xmin	xmax	clickSelects	PANEL	group
-2.66332762061181	4.6447515799755	4	1	1
4.6447515799755	5.49383252790519	3	1	1
5.49383252790519	6.10556926094145	2	1	1
6.10556926094145	6.10796053778221	1	1	1
6.10796053778221	13.4595888082568	0	1	1
-2.66332762061181	4.6447515799755	4	2	1
4.6447515799755	5.49383252790519	3	2	1
5.49383252790519	6.10556926094145	2	2	1
6.10556926094145	6.10796053778221	1	2	1
6.10796053778221	13.4595888082568	0	2	1
