xmin	xmax	clickSelects	PANEL	group
-2.66332762061181	7.16044517833492	4	1	1
7.16044517833492	7.16140587579756	3	1	1
7.16140587579756	11.1430145316541	2	1	1
11.1430145316541	12.0343815194396	1	1	1
12.0343815194396	13.4595888082568	0	1	1
-2.66332762061181	7.16044517833492	4	2	1
7.16044517833492	7.16140587579756	3	2	1
7.16140587579756	11.1430145316541	2	2	1
11.1430145316541	12.0343815194396	1	2	1
12.0343815194396	13.4595888082568	0	2	1
