xmin	xmax	clickSelects	PANEL	group
-2.66332762061181	4.33509753635336	4	1	1
4.33509753635336	7.21017912388644	3	1	1
7.21017912388644	8.25150920284755	2	1	1
8.25150920284755	8.64311452096839	1	1	1
8.64311452096839	13.4595888082568	0	1	1
-2.66332762061181	4.33509753635336	4	2	1
4.33509753635336	7.21017912388644	3	2	1
7.21017912388644	8.25150920284755	2	2	1
8.25150920284755	8.64311452096839	1	2	1
8.64311452096839	13.4595888082568	0	2	1
