xmin	xmax	clickSelects	PANEL	group
-2.66332762061181	10.2509107323314	4	1	1
10.2509107323314	10.7820077688553	3	1	1
10.7820077688553	10.998685224157	2	1	1
10.998685224157	11.4043679055378	1	1	1
11.4043679055378	13.4595888082568	0	1	1
-2.66332762061181	10.2509107323314	4	2	1
10.2509107323314	10.7820077688553	3	2	1
10.7820077688553	10.998685224157	2	2	1
10.998685224157	11.4043679055378	1	2	1
11.4043679055378	13.4595888082568	0	2	1
