xmin	xmax	clickSelects	PANEL	group
-2.66332762061181	3.46893031488109	4	1	1
3.46893031488109	4.399658833544	3	1	1
4.399658833544	5.89387321078684	2	1	1
5.89387321078684	6.21277000833753	1	1	1
6.21277000833753	13.4595888082568	0	1	1
-2.66332762061181	3.46893031488109	4	2	1
3.46893031488109	4.399658833544	3	2	1
4.399658833544	5.89387321078684	2	2	1
5.89387321078684	6.21277000833753	1	2	1
6.21277000833753	13.4595888082568	0	2	1
