xmin	xmax	clickSelects	PANEL	group
-2.66332762061181	7.07402441765906	4	1	1
7.07402441765906	7.5662573907156	3	1	1
7.5662573907156	11.7917524362015	2	1	1
11.7917524362015	12.5106406353123	1	1	1
12.5106406353123	13.4595888082568	0	1	1
-2.66332762061181	7.07402441765906	4	2	1
7.07402441765906	7.5662573907156	3	2	1
7.5662573907156	11.7917524362015	2	2	1
11.7917524362015	12.5106406353123	1	2	1
12.5106406353123	13.4595888082568	0	2	1
