xmin	xmax	clickSelects	PANEL	group
-2.66332762061181	4.52688554451872	4	1	1
4.52688554451872	4.9003299763547	3	1	1
4.9003299763547	6.38689676309269	2	1	1
6.38689676309269	7.11377674662598	1	1	1
7.11377674662598	13.4595888082568	0	1	1
-2.66332762061181	4.52688554451872	4	2	1
4.52688554451872	4.9003299763547	3	2	1
4.9003299763547	6.38689676309269	2	2	1
6.38689676309269	7.11377674662598	1	2	1
7.11377674662598	13.4595888082568	0	2	1
