xmin	xmax	clickSelects	PANEL	group
-2.66332762061181	5.01652647202372	4	1	1
5.01652647202372	5.55584076086793	3	1	1
5.55584076086793	5.58588040913324	2	1	1
5.58588040913324	6.38380085730753	1	1	1
6.38380085730753	13.4595888082568	0	1	1
-2.66332762061181	5.01652647202372	4	2	1
5.01652647202372	5.55584076086793	3	2	1
5.55584076086793	5.58588040913324	2	2	1
5.58588040913324	6.38380085730753	1	2	1
6.38380085730753	13.4595888082568	0	2	1
