xmin	xmax	clickSelects	PANEL	group
-2.66332762061181	4.98067236007361	4	1	1
4.98067236007361	6.06854802829285	3	1	1
6.06854802829285	6.18972240154938	2	1	1
6.18972240154938	7.63718403593459	1	1	1
7.63718403593459	13.4595888082568	0	1	1
-2.66332762061181	4.98067236007361	4	2	1
4.98067236007361	6.06854802829285	3	2	1
6.06854802829285	6.18972240154938	2	2	1
6.18972240154938	7.63718403593459	1	2	1
7.63718403593459	13.4595888082568	0	2	1
