xmin	xmax	clickSelects	PANEL	group
-2.66332762061181	3.78043714933335	4	1	1
3.78043714933335	4.60414616213514	3	1	1
4.60414616213514	6.26388612900608	2	1	1
6.26388612900608	13.4595888082568	0	1	1
-2.66332762061181	3.78043714933335	4	2	1
3.78043714933335	4.60414616213514	3	2	1
4.60414616213514	6.26388612900608	2	2	1
6.26388612900608	13.4595888082568	0	2	1
