xmin	xmax	clickSelects	PANEL	group
-2.66332762061181	4.16833876116313	4	1	1
4.16833876116313	4.73052437202343	3	1	1
4.73052437202343	6.97979320403651	2	1	1
6.97979320403651	9.19068492858822	1	1	1
9.19068492858822	13.4595888082568	0	1	1
-2.66332762061181	4.16833876116313	4	2	1
4.16833876116313	4.73052437202343	3	2	1
4.73052437202343	6.97979320403651	2	2	1
6.97979320403651	9.19068492858822	1	2	1
9.19068492858822	13.4595888082568	0	2	1
