xmin	xmax	clickSelects	PANEL	group
-2.66332762061181	3.85482547153347	4	1	1
3.85482547153347	4.0606119705762	3	1	1
4.0606119705762	4.61112486018564	2	1	1
4.61112486018564	7.59474074280279	1	1	1
7.59474074280279	13.4595888082568	0	1	1
-2.66332762061181	3.85482547153347	4	2	1
3.85482547153347	4.0606119705762	3	2	1
4.0606119705762	4.61112486018564	2	2	1
4.61112486018564	7.59474074280279	1	2	1
7.59474074280279	13.4595888082568	0	2	1
