xmin	xmax	clickSelects	PANEL	group
-2.66332762061181	1.55974639910986	4	1	1
1.55974639910986	4.89421180258176	3	1	1
4.89421180258176	6.17490878442659	2	1	1
6.17490878442659	6.79135224832297	1	1	1
6.79135224832297	13.4595888082568	0	1	1
-2.66332762061181	1.55974639910986	4	2	1
1.55974639910986	4.89421180258176	3	2	1
4.89421180258176	6.17490878442659	2	2	1
6.17490878442659	6.79135224832297	1	2	1
6.79135224832297	13.4595888082568	0	2	1
