xmin	xmax	clickSelects	PANEL	group
-2.66332762061181	4.58318519571866	4	1	1
4.58318519571866	5.39761797835339	3	1	1
5.39761797835339	6.09977948176486	1	1	1
6.09977948176486	13.4595888082568	0	1	1
-2.66332762061181	4.58318519571866	4	2	1
4.58318519571866	5.39761797835339	3	2	1
5.39761797835339	6.09977948176486	1	2	1
6.09977948176486	13.4595888082568	0	2	1
