xmin	xmax	clickSelects	PANEL	group
-2.66332762061181	6.69315019253015	4	1	1
6.69315019253015	6.97140843591474	3	1	1
6.97140843591474	9.83120283171988	2	1	1
9.83120283171988	10.8353248074878	1	1	1
10.8353248074878	13.4595888082568	0	1	1
-2.66332762061181	6.69315019253015	4	2	1
6.69315019253015	6.97140843591474	3	2	1
6.97140843591474	9.83120283171988	2	2	1
9.83120283171988	10.8353248074878	1	2	1
10.8353248074878	13.4595888082568	0	2	1
