xmin	xmax	clickSelects	PANEL	group
-2.66332762061181	7.44327485424766	4	1	1
7.44327485424766	8.14259528822323	3	1	1
8.14259528822323	8.25357964931881	2	1	1
8.25357964931881	8.67515743697324	1	1	1
8.67515743697324	13.4595888082568	0	1	1
-2.66332762061181	7.44327485424766	4	2	1
7.44327485424766	8.14259528822323	3	2	1
8.14259528822323	8.25357964931881	2	2	1
8.25357964931881	8.67515743697324	1	2	1
8.67515743697324	13.4595888082568	0	2	1
