xmin	xmax	clickSelects	PANEL	group
-2.66332762061181	6.30444440091728	4	1	1
6.30444440091728	6.57766431166339	3	1	1
6.57766431166339	6.88001587177841	2	1	1
6.88001587177841	7.52238835064628	1	1	1
7.52238835064628	13.4595888082568	0	1	1
-2.66332762061181	6.30444440091728	4	2	1
6.30444440091728	6.57766431166339	3	2	1
6.57766431166339	6.88001587177841	2	2	1
6.88001587177841	7.52238835064628	1	2	1
7.52238835064628	13.4595888082568	0	2	1
