xmin	xmax	clickSelects	PANEL	group
-2.66332762061181	5.57810646891734	4	1	1
5.57810646891734	5.68671319158878	3	1	1
5.68671319158878	5.82549139031314	2	1	1
5.82549139031314	7.91280507700837	1	1	1
7.91280507700837	13.4595888082568	0	1	1
-2.66332762061181	5.57810646891734	4	2	1
5.57810646891734	5.68671319158878	3	2	1
5.68671319158878	5.82549139031314	2	2	1
5.82549139031314	7.91280507700837	1	2	1
7.91280507700837	13.4595888082568	0	2	1
