xmin	xmax	clickSelects	PANEL	group
-2.66332762061181	2.95761982198612	4	1	1
2.95761982198612	3.96079468170303	3	1	1
3.96079468170303	5.89442656319705	2	1	1
5.89442656319705	13.4595888082568	0	1	1
-2.66332762061181	2.95761982198612	4	2	1
2.95761982198612	3.96079468170303	3	2	1
3.96079468170303	5.89442656319705	2	2	1
5.89442656319705	13.4595888082568	0	2	1
