xmin	xmax	clickSelects	PANEL	group
-2.66332762061181	4.83376974338099	4	1	1
4.83376974338099	5.61431846720995	3	1	1
5.61431846720995	6.46791814952591	2	1	1
6.46791814952591	7.80106629755272	1	1	1
7.80106629755272	13.4595888082568	0	1	1
-2.66332762061181	4.83376974338099	4	2	1
4.83376974338099	5.61431846720995	3	2	1
5.61431846720995	6.46791814952591	2	2	1
6.46791814952591	7.80106629755272	1	2	1
7.80106629755272	13.4595888082568	0	2	1
