xmin	xmax	clickSelects	PANEL	group
-2.66332762061181	4.16867695497788	4	1	1
4.16867695497788	5.28573768258723	3	1	1
5.28573768258723	6.68648531172482	1	1	1
6.68648531172482	13.4595888082568	0	1	1
-2.66332762061181	4.16867695497788	4	2	1
4.16867695497788	5.28573768258723	3	2	1
5.28573768258723	6.68648531172482	1	2	1
6.68648531172482	13.4595888082568	0	2	1
