xmin	xmax	clickSelects	PANEL	group
-2.66332762061181	4.26499531808525	4	1	1
4.26499531808525	5.70252950404491	2	1	1
5.70252950404491	7.07279943412352	1	1	1
7.07279943412352	13.4595888082568	0	1	1
-2.66332762061181	4.26499531808525	4	2	1
4.26499531808525	5.70252950404491	2	2	1
5.70252950404491	7.07279943412352	1	2	1
7.07279943412352	13.4595888082568	0	2	1
