xmin	xmax	clickSelects	PANEL	group
-2.66332762061181	3.53649510840549	4	1	1
3.53649510840549	4.80595815695512	3	1	1
4.80595815695512	4.87421389557936	2	1	1
4.87421389557936	6.4638429547079	1	1	1
6.4638429547079	13.4595888082568	0	1	1
-2.66332762061181	3.53649510840549	4	2	1
3.53649510840549	4.80595815695512	3	2	1
4.80595815695512	4.87421389557936	2	2	1
4.87421389557936	6.4638429547079	1	2	1
6.4638429547079	13.4595888082568	0	2	1
