xmin	xmax	clickSelects	PANEL	group
-2.66332762061181	2.26860978072531	4	1	1
2.26860978072531	4.08105028878367	3	1	1
4.08105028878367	5.16113688307443	2	1	1
5.16113688307443	6.41665820864529	1	1	1
6.41665820864529	13.4595888082568	0	1	1
-2.66332762061181	2.26860978072531	4	2	1
2.26860978072531	4.08105028878367	3	2	1
4.08105028878367	5.16113688307443	2	2	1
5.16113688307443	6.41665820864529	1	2	1
6.41665820864529	13.4595888082568	0	2	1
