xmin	xmax	clickSelects	PANEL	group
-2.66332762061181	4.68459558723554	4	1	1
4.68459558723554	4.73774984015501	3	1	1
4.73774984015501	5.11476237742223	2	1	1
5.11476237742223	6.19416690060093	1	1	1
6.19416690060093	13.4595888082568	0	1	1
-2.66332762061181	4.68459558723554	4	2	1
4.68459558723554	4.73774984015501	3	2	1
4.73774984015501	5.11476237742223	2	2	1
5.11476237742223	6.19416690060093	1	2	1
6.19416690060093	13.4595888082568	0	2	1
