xmin	xmax	clickSelects	PANEL	group
-2.66332762061181	8.33755894560123	4	1	1
8.33755894560123	8.36473093886095	3	1	1
8.36473093886095	8.62402026868056	2	1	1
8.62402026868056	9.18906043222962	1	1	1
9.18906043222962	13.4595888082568	0	1	1
-2.66332762061181	8.33755894560123	4	2	1
8.33755894560123	8.36473093886095	3	2	1
8.36473093886095	8.62402026868056	2	2	1
8.62402026868056	9.18906043222962	1	2	1
9.18906043222962	13.4595888082568	0	2	1
