xmin	xmax	clickSelects	PANEL	group
-2.66332762061181	4.97870148434694	4	1	1
4.97870148434694	5.56922922515844	3	1	1
5.56922922515844	5.92463948066679	2	1	1
5.92463948066679	6.77956381058295	1	1	1
6.77956381058295	13.4595888082568	0	1	1
-2.66332762061181	4.97870148434694	4	2	1
4.97870148434694	5.56922922515844	3	2	1
5.56922922515844	5.92463948066679	2	2	1
5.92463948066679	6.77956381058295	1	2	1
6.77956381058295	13.4595888082568	0	2	1
