xmin	xmax	clickSelects	PANEL	group
-2.66332762061181	2.6141956659027	4	1	1
2.6141956659027	6.69492766642967	3	1	1
6.69492766642967	9.00315316087758	2	1	1
9.00315316087758	9.73530195625344	1	1	1
9.73530195625344	13.4595888082568	0	1	1
-2.66332762061181	2.6141956659027	4	2	1
2.6141956659027	6.69492766642967	3	2	1
6.69492766642967	9.00315316087758	2	2	1
9.00315316087758	9.73530195625344	1	2	1
9.73530195625344	13.4595888082568	0	2	1
