xmin	xmax	clickSelects	PANEL	group
-2.66332762061181	4.03488146489947	4	1	1
4.03488146489947	5.25674445275945	3	1	1
5.25674445275945	6.38668724131436	2	1	1
6.38668724131436	6.42473987608098	1	1	1
6.42473987608098	13.4595888082568	0	1	1
-2.66332762061181	4.03488146489947	4	2	1
4.03488146489947	5.25674445275945	3	2	1
5.25674445275945	6.38668724131436	2	2	1
6.38668724131436	6.42473987608098	1	2	1
6.42473987608098	13.4595888082568	0	2	1
