xmin	xmax	clickSelects	PANEL	group
-2.66332762061181	5.77428485904722	4	1	1
5.77428485904722	7.46652180516814	3	1	1
7.46652180516814	8.20313715236263	2	1	1
8.20313715236263	8.68062258743369	1	1	1
8.68062258743369	13.4595888082568	0	1	1
-2.66332762061181	5.77428485904722	4	2	1
5.77428485904722	7.46652180516814	3	2	1
7.46652180516814	8.20313715236263	2	2	1
8.20313715236263	8.68062258743369	1	2	1
8.68062258743369	13.4595888082568	0	2	1
