xmin	xmax	clickSelects	PANEL	group
-2.66332762061181	5.65167597883847	4	1	1
5.65167597883847	7.12534483153518	3	1	1
7.12534483153518	8.33480456564225	2	1	1
8.33480456564225	8.70258416436699	1	1	1
8.70258416436699	13.4595888082568	0	1	1
-2.66332762061181	5.65167597883847	4	2	1
5.65167597883847	7.12534483153518	3	2	1
7.12534483153518	8.33480456564225	2	2	1
8.33480456564225	8.70258416436699	1	2	1
8.70258416436699	13.4595888082568	0	2	1
