xmin	xmax	clickSelects	PANEL	group
-2.66332762061181	1.59173132881254	4	1	1
1.59173132881254	4.96561588944582	3	1	1
4.96561588944582	6.56458672166193	2	1	1
6.56458672166193	7.49977385930043	1	1	1
7.49977385930043	13.4595888082568	0	1	1
-2.66332762061181	1.59173132881254	4	2	1
1.59173132881254	4.96561588944582	3	2	1
4.96561588944582	6.56458672166193	2	2	1
6.56458672166193	7.49977385930043	1	2	1
7.49977385930043	13.4595888082568	0	2	1
