xmin	xmax	clickSelects	PANEL	group
-2.66332762061181	1.45427297487254	4	1	1
1.45427297487254	1.95374717663031	3	1	1
1.95374717663031	5.98957071123655	2	1	1
5.98957071123655	6.0457084560335	1	1	1
6.0457084560335	13.4595888082568	0	1	1
-2.66332762061181	1.45427297487254	4	2	1
1.45427297487254	1.95374717663031	3	2	1
1.95374717663031	5.98957071123655	2	2	1
5.98957071123655	6.0457084560335	1	2	1
6.0457084560335	13.4595888082568	0	2	1
