xmin	xmax	clickSelects	PANEL	group
-2.66332762061181	5.41774498844778	4	1	1
5.41774498844778	6.35604428520067	3	1	1
6.35604428520067	6.75139689643525	2	1	1
6.75139689643525	8.72017299741391	1	1	1
8.72017299741391	13.4595888082568	0	1	1
-2.66332762061181	5.41774498844778	4	2	1
5.41774498844778	6.35604428520067	3	2	1
6.35604428520067	6.75139689643525	2	2	1
6.75139689643525	8.72017299741391	1	2	1
8.72017299741391	13.4595888082568	0	2	1
