xmin	xmax	clickSelects	PANEL	group
-2.66332762061181	8.81319540983516	4	1	1
8.81319540983516	9.21670145120147	3	1	1
9.21670145120147	9.58149703392977	2	1	1
9.58149703392977	9.75286216379175	1	1	1
9.75286216379175	13.4595888082568	0	1	1
-2.66332762061181	8.81319540983516	4	2	1
8.81319540983516	9.21670145120147	3	2	1
9.21670145120147	9.58149703392977	2	2	1
9.58149703392977	9.75286216379175	1	2	1
9.75286216379175	13.4595888082568	0	2	1
