xmin	xmax	clickSelects	PANEL	group
-2.66332762061181	4.7439369836878	4	1	1
4.7439369836878	5.01343182522276	3	1	1
5.01343182522276	6.21160287509153	2	1	1
6.21160287509153	7.46218737412303	1	1	1
7.46218737412303	13.4595888082568	0	1	1
-2.66332762061181	4.7439369836878	4	2	1
4.7439369836878	5.01343182522276	3	2	1
5.01343182522276	6.21160287509153	2	2	1
6.21160287509153	7.46218737412303	1	2	1
7.46218737412303	13.4595888082568	0	2	1
