xmin	xmax	clickSelects	PANEL	group
-2.66332762061181	5.26005171380368	4	1	1
5.26005171380368	6.14230280572982	3	1	1
6.14230280572982	6.35653627607283	2	1	1
6.35653627607283	6.67584731979042	1	1	1
6.67584731979042	13.4595888082568	0	1	1
-2.66332762061181	5.26005171380368	4	2	1
5.26005171380368	6.14230280572982	3	2	1
6.14230280572982	6.35653627607283	2	2	1
6.35653627607283	6.67584731979042	1	2	1
6.67584731979042	13.4595888082568	0	2	1
