xmin	xmax	clickSelects	PANEL	group
-2.66332762061181	2.99634513652135	4	1	1
2.99634513652135	5.58396970811657	3	1	1
5.58396970811657	5.89658993792795	2	1	1
5.89658993792795	8.17200522143123	1	1	1
8.17200522143123	13.4595888082568	0	1	1
-2.66332762061181	2.99634513652135	4	2	1
2.99634513652135	5.58396970811657	3	2	1
5.58396970811657	5.89658993792795	2	2	1
5.89658993792795	8.17200522143123	1	2	1
8.17200522143123	13.4595888082568	0	2	1
