xmin	xmax	clickSelects	PANEL	group
-2.66332762061181	3.99936824728477	4	1	1
3.99936824728477	4.97128730736825	2	1	1
4.97128730736825	6.98341589076103	1	1	1
6.98341589076103	13.4595888082568	0	1	1
-2.66332762061181	3.99936824728477	4	2	1
3.99936824728477	4.97128730736825	2	2	1
4.97128730736825	6.98341589076103	1	2	1
6.98341589076103	13.4595888082568	0	2	1
