xmin	xmax	clickSelects	PANEL	group
-2.66332762061181	3.62755380251973	4	1	1
3.62755380251973	4.50375556843887	3	1	1
4.50375556843887	5.97877846336204	2	1	1
5.97877846336204	6.92974554784967	1	1	1
6.92974554784967	13.4595888082568	0	1	1
-2.66332762061181	3.62755380251973	4	2	1
3.62755380251973	4.50375556843887	3	2	1
4.50375556843887	5.97877846336204	2	2	1
5.97877846336204	6.92974554784967	1	2	1
6.92974554784967	13.4595888082568	0	2	1
