xmin	xmax	clickSelects	PANEL	group
-2.66332762061181	1.89495460353291	4	1	1
1.89495460353291	4.65435208892829	3	1	1
4.65435208892829	5.99332217508609	2	1	1
5.99332217508609	7.90380539136158	1	1	1
7.90380539136158	13.4595888082568	0	1	1
-2.66332762061181	1.89495460353291	4	2	1
1.89495460353291	4.65435208892829	3	2	1
4.65435208892829	5.99332217508609	2	2	1
5.99332217508609	7.90380539136158	1	2	1
7.90380539136158	13.4595888082568	0	2	1
