xmin	xmax	clickSelects	PANEL	group
-2.66332762061181	5.71560418098638	4	1	1
5.71560418098638	6.05348021125482	3	1	1
6.05348021125482	7.31137184798007	2	1	1
7.31137184798007	7.87613295667711	1	1	1
7.87613295667711	13.4595888082568	0	1	1
-2.66332762061181	5.71560418098638	4	2	1
5.71560418098638	6.05348021125482	3	2	1
6.05348021125482	7.31137184798007	2	2	1
7.31137184798007	7.87613295667711	1	2	1
7.87613295667711	13.4595888082568	0	2	1
