xmin	xmax	clickSelects	PANEL	group
-2.66332762061181	5.89169005744306	4	1	1
5.89169005744306	7.63311814033342	3	1	1
7.63311814033342	7.98756892889526	2	1	1
7.98756892889526	8.35132886663443	1	1	1
8.35132886663443	13.4595888082568	0	1	1
-2.66332762061181	5.89169005744306	4	2	1
5.89169005744306	7.63311814033342	3	2	1
7.63311814033342	7.98756892889526	2	2	1
7.98756892889526	8.35132886663443	1	2	1
8.35132886663443	13.4595888082568	0	2	1
