xmin	xmax	clickSelects	PANEL	group
-2.66332762061181	10.3455127768511	4	1	1
10.3455127768511	10.9069987499932	3	1	1
10.9069987499932	11.1707804572205	2	1	1
11.1707804572205	11.5468599393631	1	1	1
11.5468599393631	13.4595888082568	0	1	1
-2.66332762061181	10.3455127768511	4	2	1
10.3455127768511	10.9069987499932	3	2	1
10.9069987499932	11.1707804572205	2	2	1
11.1707804572205	11.5468599393631	1	2	1
11.5468599393631	13.4595888082568	0	2	1
