xmin	xmax	clickSelects	PANEL	group
-2.66332762061181	4.60516209677431	4	1	1
4.60516209677431	5.57525184086119	3	1	1
5.57525184086119	6.35299564618101	2	1	1
6.35299564618101	7.58095949398892	1	1	1
7.58095949398892	13.4595888082568	0	1	1
-2.66332762061181	4.60516209677431	4	2	1
4.60516209677431	5.57525184086119	3	2	1
5.57525184086119	6.35299564618101	2	2	1
6.35299564618101	7.58095949398892	1	2	1
7.58095949398892	13.4595888082568	0	2	1
