xmin	xmax	clickSelects	PANEL	group
-2.66332762061181	0.650384342860049	4	1	1
0.650384342860049	4.96810352396416	3	1	1
4.96810352396416	5.42639405835742	2	1	1
5.42639405835742	13.4595888082568	0	1	1
-2.66332762061181	0.650384342860049	4	2	1
0.650384342860049	4.96810352396416	3	2	1
4.96810352396416	5.42639405835742	2	2	1
5.42639405835742	13.4595888082568	0	2	1
