xmin	xmax	clickSelects	PANEL	group
-2.66332762061181	3.42739811472927	4	1	1
3.42739811472927	3.90912755554813	3	1	1
3.90912755554813	4.57872598540668	2	1	1
4.57872598540668	13.4595888082568	0	1	1
-2.66332762061181	3.42739811472927	4	2	1
3.42739811472927	3.90912755554813	3	2	1
3.90912755554813	4.57872598540668	2	2	1
4.57872598540668	13.4595888082568	0	2	1
