xmin	xmax	clickSelects	PANEL	group
-2.66332762061181	3.18325348162742	4	1	1
3.18325348162742	5.00573686767094	3	1	1
5.00573686767094	5.6611606434715	2	1	1
5.6611606434715	6.23139909806726	1	1	1
6.23139909806726	13.4595888082568	0	1	1
-2.66332762061181	3.18325348162742	4	2	1
3.18325348162742	5.00573686767094	3	2	1
5.00573686767094	5.6611606434715	2	2	1
5.6611606434715	6.23139909806726	1	2	1
6.23139909806726	13.4595888082568	0	2	1
