xmin	xmax	clickSelects	PANEL	group
-2.66332762061181	5.65861125883265	4	1	1
5.65861125883265	6.18244491659108	3	1	1
6.18244491659108	7.11235560473479	2	1	1
7.11235560473479	7.89783434927377	1	1	1
7.89783434927377	13.4595888082568	0	1	1
-2.66332762061181	5.65861125883265	4	2	1
5.65861125883265	6.18244491659108	3	2	1
6.18244491659108	7.11235560473479	2	2	1
7.11235560473479	7.89783434927377	1	2	1
7.89783434927377	13.4595888082568	0	2	1
