xmin	xmax	clickSelects	PANEL	group
-2.66332762061181	3.98845129772285	4	1	1
3.98845129772285	5.49255211358631	3	1	1
5.49255211358631	8.06784851555708	2	1	1
8.06784851555708	8.39972135135914	1	1	1
8.39972135135914	13.4595888082568	0	1	1
-2.66332762061181	3.98845129772285	4	2	1
3.98845129772285	5.49255211358631	3	2	1
5.49255211358631	8.06784851555708	2	2	1
8.06784851555708	8.39972135135914	1	2	1
8.39972135135914	13.4595888082568	0	2	1
