xmin	xmax	clickSelects	PANEL	group
-2.66332762061181	3.03363129721058	4	1	1
3.03363129721058	4.76903372386007	2	1	1
4.76903372386007	6.69064661264478	1	1	1
6.69064661264478	13.4595888082568	0	1	1
-2.66332762061181	3.03363129721058	4	2	1
3.03363129721058	4.76903372386007	2	2	1
4.76903372386007	6.69064661264478	1	2	1
6.69064661264478	13.4595888082568	0	2	1
