xmin	xmax	clickSelects	PANEL	group
-2.66332762061181	7.22589299989716	4	1	1
7.22589299989716	7.65871639965838	3	1	1
7.65871639965838	11.9367187821655	2	1	1
11.9367187821655	12.6504434455787	1	1	1
12.6504434455787	13.4595888082568	0	1	1
-2.66332762061181	7.22589299989716	4	2	1
7.22589299989716	7.65871639965838	3	2	1
7.65871639965838	11.9367187821655	2	2	1
11.9367187821655	12.6504434455787	1	2	1
12.6504434455787	13.4595888082568	0	2	1
