xmin	xmax	clickSelects	PANEL	group
-2.66332762061181	5.75086010994647	4	1	1
5.75086010994647	6.76952113627042	3	1	1
6.76952113627042	10.7752710389543	2	1	1
10.7752710389543	11.5060807262905	1	1	1
11.5060807262905	13.4595888082568	0	1	1
-2.66332762061181	5.75086010994647	4	2	1
5.75086010994647	6.76952113627042	3	2	1
6.76952113627042	10.7752710389543	2	2	1
10.7752710389543	11.5060807262905	1	2	1
11.5060807262905	13.4595888082568	0	2	1
