xmin	xmax	clickSelects	PANEL	group
-2.66332762061181	5.56538300877742	4	1	1
5.56538300877742	7.17050570663234	3	1	1
7.17050570663234	8.05784703154209	2	1	1
8.05784703154209	8.25198510154505	1	1	1
8.25198510154505	13.4595888082568	0	1	1
-2.66332762061181	5.56538300877742	4	2	1
5.56538300877742	7.17050570663234	3	2	1
7.17050570663234	8.05784703154209	2	2	1
8.05784703154209	8.25198510154505	1	2	1
8.25198510154505	13.4595888082568	0	2	1
