xmin	xmax	clickSelects	PANEL	group
-2.66332762061181	6.13337866511499	4	1	1
6.13337866511499	6.50753360586101	3	1	1
6.50753360586101	6.61480912050444	2	1	1
6.61480912050444	7.37024897101488	1	1	1
7.37024897101488	13.4595888082568	0	1	1
-2.66332762061181	6.13337866511499	4	2	1
6.13337866511499	6.50753360586101	3	2	1
6.50753360586101	6.61480912050444	2	2	1
6.61480912050444	7.37024897101488	1	2	1
7.37024897101488	13.4595888082568	0	2	1
