xmin	xmax	clickSelects	PANEL	group
-2.66332762061181	6.28555915506151	4	1	1
6.28555915506151	6.890077540727	3	1	1
6.890077540727	11.86054777866	2	1	1
11.86054777866	12.4944346704841	1	1	1
12.4944346704841	13.4595888082568	0	1	1
-2.66332762061181	6.28555915506151	4	2	1
6.28555915506151	6.890077540727	3	2	1
6.890077540727	11.86054777866	2	2	1
11.86054777866	12.4944346704841	1	2	1
12.4944346704841	13.4595888082568	0	2	1
