xmin	xmax	clickSelects	PANEL	group
-2.66332762061181	5.77859111337206	4	1	1
5.77859111337206	6.96058754064721	3	1	1
6.96058754064721	7.98637557343534	2	1	1
7.98637557343534	8.291006323695	1	1	1
8.291006323695	13.4595888082568	0	1	1
-2.66332762061181	5.77859111337206	4	2	1
5.77859111337206	6.96058754064721	3	2	1
6.96058754064721	7.98637557343534	2	2	1
7.98637557343534	8.291006323695	1	2	1
8.291006323695	13.4595888082568	0	2	1
