xmin	xmax	clickSelects	PANEL	group
-2.66332762061181	2.83183848916118	4	1	1
2.83183848916118	6.96961740533515	3	1	1
6.96961740533515	7.51615909862196	2	1	1
7.51615909862196	8.12493477765883	1	1	1
8.12493477765883	13.4595888082568	0	1	1
-2.66332762061181	2.83183848916118	4	2	1
2.83183848916118	6.96961740533515	3	2	1
6.96961740533515	7.51615909862196	2	2	1
7.51615909862196	8.12493477765883	1	2	1
8.12493477765883	13.4595888082568	0	2	1
