xmin	xmax	clickSelects	PANEL	group
-2.66332762061181	6.89948697457471	4	1	1
6.89948697457471	8.6542232320254	3	1	1
8.6542232320254	11.3802200021638	2	1	1
11.3802200021638	12.1235183306628	1	1	1
12.1235183306628	13.4595888082568	0	1	1
-2.66332762061181	6.89948697457471	4	2	1
6.89948697457471	8.6542232320254	3	2	1
8.6542232320254	11.3802200021638	2	2	1
11.3802200021638	12.1235183306628	1	2	1
12.1235183306628	13.4595888082568	0	2	1
