xmin	xmax	clickSelects	PANEL	group
-2.66332762061181	2.60679828507404	4	1	1
2.60679828507404	3.93094776880572	3	1	1
3.93094776880572	4.65993027888329	2	1	1
4.65993027888329	5.42449092826368	1	1	1
5.42449092826368	13.4595888082568	0	1	1
-2.66332762061181	2.60679828507404	4	2	1
2.60679828507404	3.93094776880572	3	2	1
3.93094776880572	4.65993027888329	2	2	1
4.65993027888329	5.42449092826368	1	2	1
5.42449092826368	13.4595888082568	0	2	1
