xmin	xmax	clickSelects	PANEL	group
-2.66332762061181	2.90201587625409	4	1	1
2.90201587625409	5.18064569984275	3	1	1
5.18064569984275	5.81415013643148	2	1	1
5.81415013643148	7.9927016606705	1	1	1
7.9927016606705	13.4595888082568	0	1	1
-2.66332762061181	2.90201587625409	4	2	1
2.90201587625409	5.18064569984275	3	2	1
5.18064569984275	5.81415013643148	2	2	1
5.81415013643148	7.9927016606705	1	2	1
7.9927016606705	13.4595888082568	0	2	1
