xmin	xmax	clickSelects	PANEL	group
-2.66332762061181	3.62081724279294	4	1	1
3.62081724279294	3.73095910578068	3	1	1
3.73095910578068	4.28648069471857	2	1	1
4.28648069471857	5.90336990429357	1	1	1
5.90336990429357	13.4595888082568	0	1	1
-2.66332762061181	3.62081724279294	4	2	1
3.62081724279294	3.73095910578068	3	2	1
3.73095910578068	4.28648069471857	2	2	1
4.28648069471857	5.90336990429357	1	2	1
5.90336990429357	13.4595888082568	0	2	1
