xmin	xmax	clickSelects	PANEL	group
-2.66332762061181	3.55649823934423	4	1	1
3.55649823934423	4.18533595889947	3	1	1
4.18533595889947	6.6487582272281	2	1	1
6.6487582272281	6.76640502094604	1	1	1
6.76640502094604	13.4595888082568	0	1	1
-2.66332762061181	3.55649823934423	4	2	1
3.55649823934423	4.18533595889947	3	2	1
4.18533595889947	6.6487582272281	2	2	1
6.6487582272281	6.76640502094604	1	2	1
6.76640502094604	13.4595888082568	0	2	1
