xmin	xmax	clickSelects	PANEL	group
-2.66332762061181	3.21189702709026	4	1	1
3.21189702709026	5.44555163224023	3	1	1
5.44555163224023	5.86735891499818	2	1	1
5.86735891499818	8.06530106994634	1	1	1
8.06530106994634	13.4595888082568	0	1	1
-2.66332762061181	3.21189702709026	4	2	1
3.21189702709026	5.44555163224023	3	2	1
5.44555163224023	5.86735891499818	2	2	1
5.86735891499818	8.06530106994634	1	2	1
8.06530106994634	13.4595888082568	0	2	1
