xmin	xmax	clickSelects	PANEL	group
-2.66332762061181	3.51450446468109	4	1	1
3.51450446468109	4.29097676350957	3	1	1
4.29097676350957	5.05158168938197	2	1	1
5.05158168938197	6.90518582632669	1	1	1
6.90518582632669	13.4595888082568	0	1	1
-2.66332762061181	3.51450446468109	4	2	1
3.51450446468109	4.29097676350957	3	2	1
4.29097676350957	5.05158168938197	2	2	1
5.05158168938197	6.90518582632669	1	2	1
6.90518582632669	13.4595888082568	0	2	1
