xmin	xmax	clickSelects	PANEL	group
-2.66332762061181	4.728028903517	4	1	1
4.728028903517	5.83761356403802	3	1	1
5.83761356403802	5.86870279631495	2	1	1
5.86870279631495	6.58584377462248	1	1	1
6.58584377462248	13.4595888082568	0	1	1
-2.66332762061181	4.728028903517	4	2	1
4.728028903517	5.83761356403802	3	2	1
5.83761356403802	5.86870279631495	2	2	1
5.86870279631495	6.58584377462248	1	2	1
6.58584377462248	13.4595888082568	0	2	1
