xmin	xmax	clickSelects	PANEL	group
-2.66332762061181	8.50201626424228	4	1	1
8.50201626424228	8.63271589646105	3	1	1
8.63271589646105	9.09072577618803	2	1	1
9.09072577618803	9.13557223500959	1	1	1
9.13557223500959	13.4595888082568	0	1	1
-2.66332762061181	8.50201626424228	4	2	1
8.50201626424228	8.63271589646105	3	2	1
8.63271589646105	9.09072577618803	2	2	1
9.09072577618803	9.13557223500959	1	2	1
9.13557223500959	13.4595888082568	0	2	1
