xmin	xmax	clickSelects	PANEL	group
-2.66332762061181	3.50934543395331	4	1	1
3.50934543395331	5.33749553064113	3	1	1
5.33749553064113	5.50191932835279	2	1	1
5.50191932835279	6.72498107135478	1	1	1
6.72498107135478	13.4595888082568	0	1	1
-2.66332762061181	3.50934543395331	4	2	1
3.50934543395331	5.33749553064113	3	2	1
5.33749553064113	5.50191932835279	2	2	1
5.50191932835279	6.72498107135478	1	2	1
6.72498107135478	13.4595888082568	0	2	1
