xmin	xmax	clickSelects	PANEL	group
-2.66332762061181	3.17892629085485	4	1	1
3.17892629085485	4.40403375454181	3	1	1
4.40403375454181	4.78100988527442	2	1	1
4.78100988527442	4.93892872151052	1	1	1
4.93892872151052	13.4595888082568	0	1	1
-2.66332762061181	3.17892629085485	4	2	1
3.17892629085485	4.40403375454181	3	2	1
4.40403375454181	4.78100988527442	2	2	1
4.78100988527442	4.93892872151052	1	2	1
4.93892872151052	13.4595888082568	0	2	1
