xmin	xmax	clickSelects	PANEL	group
-2.66332762061181	4.57922847710223	4	1	1
4.57922847710223	6.34456501355498	3	1	1
6.34456501355498	7.8154088001759	2	1	1
7.8154088001759	8.04431624640066	1	1	1
8.04431624640066	13.4595888082568	0	1	1
-2.66332762061181	4.57922847710223	4	2	1
4.57922847710223	6.34456501355498	3	2	1
6.34456501355498	7.8154088001759	2	2	1
7.8154088001759	8.04431624640066	1	2	1
8.04431624640066	13.4595888082568	0	2	1
