xmin	xmax	clickSelects	PANEL	group
-2.66332762061181	2.83477895619209	4	1	1
2.83477895619209	3.9623945704944	3	1	1
3.9623945704944	5.92384397922958	2	1	1
5.92384397922958	7.44299378341037	1	1	1
7.44299378341037	13.4595888082568	0	1	1
-2.66332762061181	2.83477895619209	4	2	1
2.83477895619209	3.9623945704944	3	2	1
3.9623945704944	5.92384397922958	2	2	1
5.92384397922958	7.44299378341037	1	2	1
7.44299378341037	13.4595888082568	0	2	1
