xmin	xmax	clickSelects	PANEL	group
-2.66332762061181	0.404205257361632	4	1	1
0.404205257361632	5.24172249388805	3	1	1
5.24172249388805	6.32589852235202	2	1	1
6.32589852235202	6.54737343317015	1	1	1
6.54737343317015	13.4595888082568	0	1	1
-2.66332762061181	0.404205257361632	4	2	1
0.404205257361632	5.24172249388805	3	2	1
5.24172249388805	6.32589852235202	2	2	1
6.32589852235202	6.54737343317015	1	2	1
6.54737343317015	13.4595888082568	0	2	1
