xmin	xmax	clickSelects	PANEL	group
-2.66332762061181	4.50500961988473	4	1	1
4.50500961988473	5.50113866558108	3	1	1
5.50113866558108	6.20772352087468	2	1	1
6.20772352087468	7.53189414379806	1	1	1
7.53189414379806	13.4595888082568	0	1	1
-2.66332762061181	4.50500961988473	4	2	1
4.50500961988473	5.50113866558108	3	2	1
5.50113866558108	6.20772352087468	2	2	1
6.20772352087468	7.53189414379806	1	2	1
7.53189414379806	13.4595888082568	0	2	1
