xmin	xmax	clickSelects	PANEL	group
-2.66332762061181	5.76104119952527	4	1	1
5.76104119952527	7.47880559467523	3	1	1
7.47880559467523	8.21758225433958	2	1	1
8.21758225433958	8.6785307841945	1	1	1
8.6785307841945	13.4595888082568	0	1	1
-2.66332762061181	5.76104119952527	4	2	1
5.76104119952527	7.47880559467523	3	2	1
7.47880559467523	8.21758225433958	2	2	1
8.21758225433958	8.6785307841945	1	2	1
8.6785307841945	13.4595888082568	0	2	1
