xmin	xmax	clickSelects	PANEL	group
-2.66332762061181	5.09766722275591	4	1	1
5.09766722275591	5.26443447825948	3	1	1
5.26443447825948	5.56831400750322	2	1	1
5.56831400750322	6.58160395757706	1	1	1
6.58160395757706	13.4595888082568	0	1	1
-2.66332762061181	5.09766722275591	4	2	1
5.09766722275591	5.26443447825948	3	2	1
5.26443447825948	5.56831400750322	2	2	1
5.56831400750322	6.58160395757706	1	2	1
6.58160395757706	13.4595888082568	0	2	1
