y	yend	x	xend	clickSelects	showSelected1	PANEL
1	1.05	118163.83465	118165.484	chr11:118161082-118170298	1	1
1	1.05	118163.83465	118165.438	chr11:118161082-118170298	2	1
1	1.05	118163.83465	118165.438	chr11:118161082-118170298	3	1
1	1.05	118163.83465	118165.438	chr11:118161082-118170298	4	1
