xmin	xmax	clickSelects	PANEL	group
-2.66332762061181	5.53325399779058	4	1	1
5.53325399779058	6.56394827497344	3	1	1
6.56394827497344	6.59101852353545	2	1	1
6.59101852353545	8.67775679863876	1	1	1
8.67775679863876	13.4595888082568	0	1	1
-2.66332762061181	5.53325399779058	4	2	1
5.53325399779058	6.56394827497344	3	2	1
6.56394827497344	6.59101852353545	2	2	1
6.59101852353545	8.67775679863876	1	2	1
8.67775679863876	13.4595888082568	0	2	1
