xmin	xmax	clickSelects	PANEL	group
-2.66332762061181	7.21993119794963	4	1	1
7.21993119794963	8.06901745985141	3	1	1
8.06901745985141	12.1458025883744	2	1	1
12.1458025883744	12.7267289705809	1	1	1
12.7267289705809	13.4595888082568	0	1	1
-2.66332762061181	7.21993119794963	4	2	1
7.21993119794963	8.06901745985141	3	2	1
8.06901745985141	12.1458025883744	2	2	1
12.1458025883744	12.7267289705809	1	2	1
12.7267289705809	13.4595888082568	0	2	1
