xmin	xmax	clickSelects	PANEL	group
-2.66332762061181	6.20849594611714	4	1	1
6.20849594611714	7.19280263945521	3	1	1
7.19280263945521	7.26473620923197	2	1	1
7.26473620923197	7.58868179948077	1	1	1
7.58868179948077	13.4595888082568	0	1	1
-2.66332762061181	6.20849594611714	4	2	1
6.20849594611714	7.19280263945521	3	2	1
7.19280263945521	7.26473620923197	2	2	1
7.26473620923197	7.58868179948077	1	2	1
7.58868179948077	13.4595888082568	0	2	1
