xmin	xmax	clickSelects	PANEL	group
-2.66332762061181	3.93873646943812	4	1	1
3.93873646943812	5.7537743097335	3	1	1
5.7537743097335	6.64069511460157	1	1	1
6.64069511460157	13.4595888082568	0	1	1
-2.66332762061181	3.93873646943812	4	2	1
3.93873646943812	5.7537743097335	3	2	1
5.7537743097335	6.64069511460157	1	2	1
6.64069511460157	13.4595888082568	0	2	1
