xmin	xmax	clickSelects	PANEL	group
-2.66332762061181	7.69731819337431	4	1	1
7.69731819337431	7.8097006853172	3	1	1
7.8097006853172	8.454556553872	2	1	1
8.454556553872	8.84955070803893	1	1	1
8.84955070803893	13.4595888082568	0	1	1
-2.66332762061181	7.69731819337431	4	2	1
7.69731819337431	7.8097006853172	3	2	1
7.8097006853172	8.454556553872	2	2	1
8.454556553872	8.84955070803893	1	2	1
8.84955070803893	13.4595888082568	0	2	1
