xmin	xmax	clickSelects	PANEL	group
-2.66332762061181	4.77700368138864	4	1	1
4.77700368138864	4.82698791269644	3	1	1
4.82698791269644	5.39015922222134	2	1	1
5.39015922222134	6.78598174746544	1	1	1
6.78598174746544	13.4595888082568	0	1	1
-2.66332762061181	4.77700368138864	4	2	1
4.77700368138864	4.82698791269644	3	2	1
4.82698791269644	5.39015922222134	2	2	1
5.39015922222134	6.78598174746544	1	2	1
6.78598174746544	13.4595888082568	0	2	1
