xmin	xmax	clickSelects	PANEL	group
-2.66332762061181	4.49932443213022	4	1	1
4.49932443213022	5.57300261543207	3	1	1
5.57300261543207	6.29196890176125	2	1	1
6.29196890176125	7.14031941710032	1	1	1
7.14031941710032	13.4595888082568	0	1	1
-2.66332762061181	4.49932443213022	4	2	1
4.49932443213022	5.57300261543207	3	2	1
5.57300261543207	6.29196890176125	2	2	1
6.29196890176125	7.14031941710032	1	2	1
7.14031941710032	13.4595888082568	0	2	1
