xmin	xmax	clickSelects	PANEL	group
-2.66332762061181	4.31065897936103	4	1	1
4.31065897936103	6.87248936101854	3	1	1
6.87248936101854	7.34765286520469	2	1	1
7.34765286520469	7.8188724129775	1	1	1
7.8188724129775	13.4595888082568	0	1	1
-2.66332762061181	4.31065897936103	4	2	1
4.31065897936103	6.87248936101854	3	2	1
6.87248936101854	7.34765286520469	2	2	1
7.34765286520469	7.8188724129775	1	2	1
7.8188724129775	13.4595888082568	0	2	1
