xmin	xmax	clickSelects	PANEL	group
-2.66332762061181	3.08458304729031	4	1	1
3.08458304729031	3.97446883178125	3	1	1
3.97446883178125	4.81295105942095	2	1	1
4.81295105942095	5.6911163800338	1	1	1
5.6911163800338	13.4595888082568	0	1	1
-2.66332762061181	3.08458304729031	4	2	1
3.08458304729031	3.97446883178125	3	2	1
3.97446883178125	4.81295105942095	2	2	1
4.81295105942095	5.6911163800338	1	2	1
5.6911163800338	13.4595888082568	0	2	1
