xmin	xmax	clickSelects	PANEL	group
-2.66332762061181	7.05675960935429	4	1	1
7.05675960935429	8.02893375636756	3	1	1
8.02893375636756	12.1367024243192	2	1	1
12.1367024243192	12.7168357970959	1	1	1
12.7168357970959	13.4595888082568	0	1	1
-2.66332762061181	7.05675960935429	4	2	1
7.05675960935429	8.02893375636756	3	2	1
8.02893375636756	12.1367024243192	2	2	1
12.1367024243192	12.7168357970959	1	2	1
12.7168357970959	13.4595888082568	0	2	1
