xmin	xmax	clickSelects	PANEL	group
-2.66332762061181	4.4034291810578	4	1	1
4.4034291810578	5.48228549699759	3	1	1
5.48228549699759	7.08063376435127	2	1	1
7.08063376435127	13.4595888082568	0	1	1
-2.66332762061181	4.4034291810578	4	2	1
4.4034291810578	5.48228549699759	3	2	1
5.48228549699759	7.08063376435127	2	2	1
7.08063376435127	13.4595888082568	0	2	1
