xmin	xmax	clickSelects	PANEL	group
-2.66332762061181	4.65687529577443	4	1	1
4.65687529577443	6.64167088043675	3	1	1
6.64167088043675	7.10434251826218	2	1	1
7.10434251826218	13.4595888082568	0	1	1
-2.66332762061181	4.65687529577443	4	2	1
4.65687529577443	6.64167088043675	3	2	1
6.64167088043675	7.10434251826218	2	2	1
7.10434251826218	13.4595888082568	0	2	1
