xmin	xmax	clickSelects	PANEL	group
-2.66332762061181	5.94481128724579	4	1	1
5.94481128724579	6.55053142548252	3	1	1
6.55053142548252	7.34283049254655	2	1	1
7.34283049254655	7.92760210363184	1	1	1
7.92760210363184	13.4595888082568	0	1	1
-2.66332762061181	5.94481128724579	4	2	1
5.94481128724579	6.55053142548252	3	2	1
6.55053142548252	7.34283049254655	2	2	1
7.34283049254655	7.92760210363184	1	2	1
7.92760210363184	13.4595888082568	0	2	1
