xmin	xmax	clickSelects	PANEL	group
-2.66332762061181	3.92273565180343	4	1	1
3.92273565180343	5.62870175550928	3	1	1
5.62870175550928	6.65506488307992	1	1	1
6.65506488307992	13.4595888082568	0	1	1
-2.66332762061181	3.92273565180343	4	2	1
3.92273565180343	5.62870175550928	3	2	1
5.62870175550928	6.65506488307992	1	2	1
6.65506488307992	13.4595888082568	0	2	1
