xmin	xmax	clickSelects	PANEL	group
-2.66332762061181	4.86734575634581	4	1	1
4.86734575634581	5.62193673953467	3	1	1
5.62193673953467	5.65129315775304	2	1	1
5.65129315775304	7.80367473934921	1	1	1
7.80367473934921	13.4595888082568	0	1	1
-2.66332762061181	4.86734575634581	4	2	1
4.86734575634581	5.62193673953467	3	2	1
5.62193673953467	5.65129315775304	2	2	1
5.65129315775304	7.80367473934921	1	2	1
7.80367473934921	13.4595888082568	0	2	1
