xmin	xmax	clickSelects	PANEL	group
-2.66332762061181	3.47211725555995	4	1	1
3.47211725555995	4.82563570129275	3	1	1
4.82563570129275	5.14215528683081	2	1	1
5.14215528683081	6.82292906789464	1	1	1
6.82292906789464	13.4595888082568	0	1	1
-2.66332762061181	3.47211725555995	4	2	1
3.47211725555995	4.82563570129275	3	2	1
4.82563570129275	5.14215528683081	2	2	1
5.14215528683081	6.82292906789464	1	2	1
6.82292906789464	13.4595888082568	0	2	1
