xmin	xmax	clickSelects	PANEL	group
-2.66332762061181	3.92120388833158	4	1	1
3.92120388833158	6.01881212683384	3	1	1
6.01881212683384	7.64906905657638	2	1	1
7.64906905657638	7.66666173142583	1	1	1
7.66666173142583	13.4595888082568	0	1	1
-2.66332762061181	3.92120388833158	4	2	1
3.92120388833158	6.01881212683384	3	2	1
6.01881212683384	7.64906905657638	2	2	1
7.64906905657638	7.66666173142583	1	2	1
7.66666173142583	13.4595888082568	0	2	1
