xmin	xmax	clickSelects	PANEL	group
-2.66332762061181	2.86757885581312	4	1	1
2.86757885581312	3.61450099191035	3	1	1
3.61450099191035	4.16763345073621	2	1	1
4.16763345073621	5.32960015601729	1	1	1
5.32960015601729	13.4595888082568	0	1	1
-2.66332762061181	2.86757885581312	4	2	1
2.86757885581312	3.61450099191035	3	2	1
3.61450099191035	4.16763345073621	2	2	1
4.16763345073621	5.32960015601729	1	2	1
5.32960015601729	13.4595888082568	0	2	1
