xmin	xmax	clickSelects	PANEL	group
-2.66332762061181	1.85836873596986	4	1	1
1.85836873596986	3.78746572947091	3	1	1
3.78746572947091	6.25879929102328	2	1	1
6.25879929102328	7.25033601594728	1	1	1
7.25033601594728	13.4595888082568	0	1	1
-2.66332762061181	1.85836873596986	4	2	1
1.85836873596986	3.78746572947091	3	2	1
3.78746572947091	6.25879929102328	2	2	1
6.25879929102328	7.25033601594728	1	2	1
7.25033601594728	13.4595888082568	0	2	1
