xmin	xmax	clickSelects	PANEL	group
-2.66332762061181	5.74534317862715	4	1	1
5.74534317862715	5.90291763707374	3	1	1
5.90291763707374	6.54033541405	2	1	1
6.54033541405	7.75766597593046	1	1	1
7.75766597593046	13.4595888082568	0	1	1
-2.66332762061181	5.74534317862715	4	2	1
5.74534317862715	5.90291763707374	3	2	1
5.90291763707374	6.54033541405	2	2	1
6.54033541405	7.75766597593046	1	2	1
7.75766597593046	13.4595888082568	0	2	1
