xmin	xmax	clickSelects	PANEL	group
-2.66332762061181	3.50632598976258	4	1	1
3.50632598976258	4.90648868203572	3	1	1
4.90648868203572	5.97492107889863	2	1	1
5.97492107889863	6.31882135858663	1	1	1
6.31882135858663	13.4595888082568	0	1	1
-2.66332762061181	3.50632598976258	4	2	1
3.50632598976258	4.90648868203572	3	2	1
4.90648868203572	5.97492107889863	2	2	1
5.97492107889863	6.31882135858663	1	2	1
6.31882135858663	13.4595888082568	0	2	1
